type;toi;x00;x10;x20;x30;x01;x11;x21;x31;x0r;x1r;x2r;x3r
EdgeEdge;0.0625;0.4514268637,0.9439284801,0.5738723278;0.5616301894,0.8885385394,0.6034682393;0.5228073597,0.9459707141,0.5254215598;0.5211060643,0.8996458054,0.6090680957;0.4518852234,0.9473342299,0.5742632151;0.5618863106,0.8915836215,0.6038422585;0.5232809186,0.9492248893,0.5257785320;0.5215978622,0.9029673934,0.6093248129;0.4518852234,0.9473342299,0.5742632151;0.5618964434,0.8915828466,0.6038370728;0.5232607126,0.9492263794,0.5257889032;0.5215675235,0.9029696584,0.6093403697
EdgeEdge;0.9511746;0.3194522858,0.8551590443,0.4942144454;0.2249009311,0.8104578853,0.5096662641;0.2922194302,0.8411290050,0.4996686280;0.3301091790,0.8532687426,0.4996993542;0.3189399540,0.8551982045,0.4940710068;0.2247158438,0.8094509840,0.5098336935;0.2922194302,0.8411290050,0.4996686280;0.3301091790,0.8532687426,0.4996993542;0.3189399540,0.8551982045,0.4940710068;0.2247174382,0.8094549775,0.5098332763;0.2922162414,0.8411209583,0.4996695220;0.3301043808,0.8532567024,0.4997006655
EdgeEdge;0.066638514;0.0804815292,0.6940987110,0.5459301472;0.0228748973,0.7630198002,0.4082803130;0.0782781169,0.6965563297,0.4646565914;0.0782781169,0.6965563297,0.5353360772;0.0788853467,0.6932340264,0.5461077690;0.0227313507,0.7630263567,0.4085103273;0.0782781169,0.6965563297,0.4646565914;0.0782781169,0.6965563297,0.5353360772;0.0788853467,0.6932340264,0.5461077690;0.0227572527,0.7630317807,0.4084856510;0.0782263130,0.6965454221,0.4647059441;0.0782004073,0.6965399981,0.5354101062
EdgeEdge;0.6759755;0.2249009311,0.8104578853,0.5096662641;0.3198700249,0.8530880213,0.4268415868;0.2938354313,0.8408996463,0.4248968065;0.2922194302,0.8411290050,0.4996686280;0.2247158438,0.8094509840,0.5098336935;0.3193768561,0.8528445363,0.4268482327;0.2938354313,0.8408996463,0.4248968065;0.2922194302,0.8411290050,0.4996686280;0.2247158438,0.8094509840,0.5098336935;0.3193870783,0.8528746367,0.4268435836;0.2938149869,0.8408395052,0.4249061048;0.2921887636,0.8410387635,0.4996825755
EdgeEdge;0.44174784;0.3194522858,0.8551590443,0.4942144454;0.2249009311,0.8104578853,0.5096662641;0.2922194302,0.8411290050,0.4996686280;0.3301091790,0.8532687426,0.4996993542;0.3163248897,0.8552715182,0.4938742816;0.2220140994,0.8058383465,0.5104891658;0.2922194302,0.8411290050,0.4996686280;0.3301091790,0.8532687426,0.4996993542;0.3163248897,0.8552715182,0.4938742816;0.2222065032,0.8060526848,0.5104568601;0.2918345928,0.8407002687,0.4997332990;0.3295319378,0.8526256680,0.4997963607
EdgeEdge;0.07645333;0.0804815292,0.6940987110,0.5459301472;0.0228748973,0.7630198002,0.4082803130;0.0782781169,0.6965563297,0.4646565914;0.0782781169,0.6965563297,0.5353360772;0.0794454440,0.6931510568,0.5484566092;0.0188253131,0.7616401315,0.4107534289;0.0782781169,0.6965563297,0.4646565914;0.0782781169,0.6965563297,0.5353360772;0.0794454440,0.6931510568,0.5484566092;0.0192402452,0.7617856860,0.4104865789;0.0774482563,0.6962651610,0.4651902914;0.0770333260,0.6961195469,0.5361366272
EdgeEdge;0.66878057;0.2249009311,0.8104578853,0.5096662641;0.3198700249,0.8530880213,0.4268415868;0.2938354313,0.8408996463,0.4248968065;0.2922194302,0.8411290050,0.4996686280;0.2220140994,0.8058383465,0.5104891658;0.3170219958,0.8525637388,0.4265291095;0.2938354313,0.8408996463,0.4248968065;0.2922194302,0.8411290050,0.4996686280;0.2220140994,0.8058383465,0.5104891658;0.3171331584,0.8527011871,0.4265086949;0.2936131060,0.8406246901,0.4249376357;0.2918859422,0.8407166004,0.4997299016
PointTriangle;0.87068385;0.0999321789,0.0158532280,0.0048224768;0.1000000015,-0.2500000000,-0.2500000000;0.1000000015,0.2500000000,0.2500000000;0.1000000015,0.2500000000,-0.2500000000;0.1000100747,0.0156379379,0.0041136132;0.1000000015,-0.2500000000,-0.2500000000;0.1000000015,0.2500000000,0.2500000000;0.1000000015,0.2500000000,-0.2500000000;0.1000100747,0.0156379379,0.0041136136;0.1000011787,-0.2500032485,-0.2500106990;0.1000023484,0.2499935031,0.2499786168;0.1000035256,0.2499902546,-0.2500320971
PointTriangle;0.358489;0.0999324024,0.0194059256,0.0171849392;0.1000000015,-0.2500000000,-0.2500000000;0.1000000015,0.2500000000,0.2500000000;0.1000000015,0.2500000000,-0.2500000000;0.1001209691,0.0194034297,0.0170820486;0.1000000015,-0.2500000000,-0.2500000000;0.1000000015,0.2500000000,0.2500000000;0.1000000015,0.2500000000,-0.2500000000;0.1001209691,0.0194034297,0.0170820486;0.1000141129,-0.2500001788,-0.2500076890;0.1000282243,0.2499996275,0.2499845922;0.1000423431,0.2499994338,-0.2500230968
PointTriangle;0.37331137;0.0999324694,0.0237339847,0.0202295240;0.1000000015,-0.2500000000,-0.2500000000;0.1000000015,0.2500000000,0.2500000000;0.1000000015,0.2500000000,-0.2500000000;0.1001133695,0.0237385053,0.0202574730;0.1000000015,-0.2500000000,-0.2500000000;0.1000000015,0.2500000000,0.2500000000;0.1000000015,0.2500000000,-0.2500000000;0.1001133695,0.0237385053,0.0202574730;0.1000132263,-0.2499996722,-0.2499979585;0.1000264511,0.2500006557,0.2500040829;0.1000396833,0.2500009835,-0.2499938756
PointTriangle;0.6224593;0.0999313220,0.0080250362,0.0093603358;0.1000000015,-0.2500000000,-0.2500000000;0.1000000015,-0.2500000000,0.2500000000;0.1000000015,0.2500000000,0.2500000000;0.1000416577,0.0073725078,0.0087806145;0.1000000015,-0.2500000000,-0.2500000000;0.1000000015,-0.2500000000,0.2500000000;0.1000000015,0.2500000000,0.2500000000;0.1000416577,0.0073725078,0.0087806145;0.1000048593,-0.2500287294,-0.2500255406;0.1000097245,-0.2500574887,0.2499489337;0.1000145823,0.2499137819,0.2499233931
PointTriangle;0.6675422;0.0998390615,0.0193718262,0.0360331014;0.1000000015,-0.2500000000,-0.2500000000;0.1000000015,-0.2500000000,0.2500000000;0.1000000015,0.2500000000,0.2500000000;0.1000801548,0.0193150770,0.0370907001;0.1000000015,-0.2500000000,-0.2500000000;0.1000000015,-0.2500000000,0.2500000000;0.1000000015,0.2500000000,0.2500000000;0.1000801548,0.0193150770,0.0370907001;0.1000093520,-0.2500022054,-0.2499589771;0.1000187024,-0.2500044107,0.2500820458;0.1000280529,0.2499933988,0.2501230538
PointTriangle;0.6694416;0.0997705311,0.0170525312,0.0357839912;0.1000000015,-0.2500000000,-0.2500000000;0.1000000015,-0.2500000000,0.2500000000;0.1000000015,0.2500000000,0.2500000000;0.1001133099,0.0168285146,0.0368426330;0.1000000015,-0.2500000000,-0.2500000000;0.1000000015,-0.2500000000,0.2500000000;0.1000000015,0.2500000000,0.2500000000;0.1001133099,0.0168285146,0.0368426330;0.1000132188,-0.2500086427,-0.2499591708;0.1000264436,-0.2500172853,0.2500816584;0.1000396609,0.2499740869,0.2501224875
PointTriangle;0.42134175;0.0998868570,0.0158892944,0.0354044400;0.1000000015,-0.2500000000,-0.2500000000;0.1000000015,-0.2500000000,0.2500000000;0.1000000015,0.2500000000,0.2500000000;0.1001553908,0.0156163350,0.0363017283;0.1000000015,-0.2500000000,-0.2500000000;0.1000000015,-0.2500000000,0.2500000000;0.1000000015,0.2500000000,0.2500000000;0.1001553908,0.0156163350,0.0363017283;0.1000181288,-0.2500184178,-0.2499394268;0.1000362560,-0.2500368655,0.2501211464;0.1000543907,0.2499447167,0.2501817346
PointTriangle;0.67446643;0.0998973474,0.0147376088,0.0349145643;0.1000000015,-0.2500000000,-0.2500000000;0.1000000015,-0.2500000000,0.2500000000;0.1000000015,0.2500000000,0.2500000000;0.1000495479,0.0144601446,0.0357005335;0.1000000015,-0.2500000000,-0.2500000000;0.1000000015,-0.2500000000,0.2500000000;0.1000000015,0.2500000000,0.2500000000;0.1000495479,0.0144601446,0.0357005335;0.1000057831,-0.2500105500,-0.2499701530;0.1000115648,-0.2500210702,0.2500596941;0.1000173464,0.2499683797,0.2500895560
PointTriangle;0.46529725;0.0998739302,0.0287468508,0.0334075429;0.1000000015,-0.2500000000,-0.2500000000;0.1000000015,-0.2500000000,0.2500000000;0.1000000015,0.2500000000,0.2500000000;0.1001448780,0.0292890687,0.0342750847;0.1000000015,-0.2500000000,-0.2500000000;0.1000000015,-0.2500000000,0.2500000000;0.1000000015,0.2500000000,0.2500000000;0.1001448780,0.0292890687,0.0342750847;0.1000169069,-0.2499661744,-0.2499458790;0.1000338048,-0.2499323487,0.2501082420;0.1000507101,0.2501014769,0.2501623631
PointTriangle;0.8782412;0.0997852534,0.0114263892,0.0337137654;0.1000000015,-0.2500000000,-0.2500000000;0.1000000015,-0.2500000000,0.2500000000;0.1000000015,0.2500000000,0.2500000000;0.1000297740,0.0109132081,0.0346140340;0.1000000015,-0.2500000000,-0.2500000000;0.1000000015,-0.2500000000,0.2500000000;0.1000000015,0.2500000000,0.2500000000;0.1000297740,0.0109132081,0.0346140340;0.1000034735,-0.2500073016,-0.2499872148;0.1000069454,-0.2500145733,0.2500255704;0.1000104249,0.2499781251,0.2500383556
PointTriangle;0.74813354;0.0998185724,0.0298001505,0.0326795727;0.1000000015,-0.2500000000,-0.2500000000;0.1000000015,-0.2500000000,0.2500000000;0.1000000015,0.2500000000,0.2500000000;0.1000610813,0.0304061845,0.0334880874;0.1000000015,-0.2500000000,-0.2500000000;0.1000000015,-0.2500000000,0.2500000000;0.1000000015,0.2500000000,0.2500000000;0.1000610813,0.0304061845,0.0334880874;0.1000071242,-0.2499821931,-0.2499762475;0.1000142545,-0.2499643862,0.2500475049;0.1000213772,0.2500534356,0.2500712872
PointTriangle;0.7340359;0.0998775288,0.0329238251,0.0292762257;0.1000000015,-0.2500000000,-0.2500000000;0.1000000015,0.2500000000,0.2500000000;0.1000000015,0.2500000000,-0.2500000000;0.1000443771,0.0335574783,0.0297427885;0.1000000015,-0.2500000000,-0.2500000000;0.1000000015,0.2500000000,0.2500000000;0.1000000015,0.2500000000,-0.2500000000;0.1000443771,0.0335574783,0.0297427885;0.1000051796,-0.2499803454,-0.2499855161;0.1000103578,0.2500393093,0.2500289679;0.1000155360,0.2500589788,-0.2499565631
PointTriangle;0.33666697;0.0998956636,0.0337077193,0.0282366741;0.1000000015,-0.2500000000,-0.2500000000;0.1000000015,0.2500000000,0.2500000000;0.1000000015,0.2500000000,-0.2500000000;0.1002055779,0.0345628262,0.0287549030;0.1000000015,-0.2500000000,-0.2500000000;0.1000000015,0.2500000000,0.2500000000;0.1000000015,0.2500000000,-0.2500000000;0.1002055779,0.0345628262,0.0287549030;0.1000239849,-0.2499338239,-0.2499599010;0.1000479683,0.2501323521,0.2500801980;0.1000719517,0.2501985133,-0.2498796880
PointTriangle;0.16659433;0.0999285057,0.0159392785,0.0315830894;0.1000000015,-0.2500000000,-0.2500000000;0.1000000015,-0.2500000000,0.2500000000;0.1000000015,0.2500000000,0.2500000000;0.1003576666,0.0158959460,0.0317965150;0.1000000015,-0.2500000000,-0.2500000000;0.1000000015,-0.2500000000,0.2500000000;0.1000000015,0.2500000000,0.2500000000;0.1003576666,0.0158959460,0.0317965150;0.1000417322,-0.2500042021,-0.2499792427;0.1000834554,-0.2500084341,0.2500415146;0.1001251861,0.2499873638,0.2500622571
PointTriangle;0.48035035;0.0999060199,0.0090910196,0.0316166095;0.1000000015,-0.2500000000,-0.2500000000;0.1000000015,-0.2500000000,0.2500000000;0.1000000015,0.2500000000,0.2500000000;0.1001016721,0.0085149519,0.0322241187;0.1000000015,-0.2500000000,-0.2500000000;0.1000000015,-0.2500000000,0.2500000000;0.1000000015,0.2500000000,0.2500000000;0.1001016721,0.0085149519,0.0322241187;0.1000118628,-0.2500349283,-0.2499631643;0.1000237241,-0.2500698566,0.2500736713;0.1000355855,0.2498952299,0.2501105070
PointTriangle;0.8210737;0.0997253880,0.0345857628,0.0270086620;0.1000000015,-0.2500000000,-0.2500000000;0.1000000015,0.2500000000,0.2500000000;0.1000000015,0.2500000000,-0.2500000000;0.1000598446,0.0356170647,0.0275232159;0.1000000015,-0.2500000000,-0.2500000000;0.1000000015,0.2500000000,0.2500000000;0.1000000015,0.2500000000,-0.2500000000;0.1000598446,0.0356170647,0.0275232159;0.1000069827,-0.2499784678,-0.2499892563;0.1000139639,0.2500430644,0.2500214875;0.1000209451,0.2500645816,-0.2499677837
PointTriangle;0.23668142;0.0999119207,0.0136864530,0.0303662661;0.1000000015,-0.2500000000,-0.2500000000;0.1000000015,-0.2500000000,0.2500000000;0.1000000015,0.2500000000,0.2500000000;0.1002840698,0.0134504801,0.0305744838;0.1000000015,-0.2500000000,-0.2500000000;0.1000000015,-0.2500000000,0.2500000000;0.1000000015,0.2500000000,0.2500000000;0.1002840698,0.0134504801,0.0305744838;0.1000331417,-0.2500210106,-0.2499814630;0.1000662819,-0.2500420213,0.2500370741;0.1000994220,0.2499369532,0.2500556409
PointTriangle;0.29109716;0.0998955891,0.0306279231,0.0262555555;0.1000000015,-0.2500000000,-0.2500000000;0.1000000015,0.2500000000,0.2500000000;0.1000000015,0.2500000000,-0.2500000000;0.1002542749,0.0308769085,0.0263927374;0.1000000015,-0.2500000000,-0.2500000000;0.1000000015,0.2500000000,0.2500000000;0.1000000015,0.2500000000,-0.2500000000;0.1002542749,0.0308769085,0.0263927374;0.1000296697,-0.2499794066,-0.2499886602;0.1000593305,0.2500411868,0.2500226796;0.1000889987,0.2500617802,-0.2499659657
PointTriangle;0.49161577;0.0998591110,0.0079804463,0.0306266025;0.1000000015,-0.2500000000,-0.2500000000;0.1000000015,-0.2500000000,0.2500000000;0.1000000015,0.2500000000,0.2500000000;0.1001456976,0.0072830487,0.0312391426;0.1000000015,-0.2500000000,-0.2500000000;0.1000000015,-0.2500000000,0.2500000000;0.1000000015,0.2500000000,0.2500000000;0.1001456976,0.0072830487,0.0312391426;0.1000169963,-0.2500413656,-0.2499636710;0.1000339985,-0.2500827312,0.2500726581;0.1000509933,0.2498759031,0.2501089871
PointTriangle;0.27123958;0.0999207199,0.0305688865,0.0252529271;0.1000000015,-0.2500000000,-0.2500000000;0.1000000015,0.2500000000,0.2500000000;0.1000000015,0.2500000000,-0.2500000000;0.1002130136,0.0308254790,0.0254165623;0.1000000015,-0.2500000000,-0.2500000000;0.1000000015,0.2500000000,0.2500000000;0.1000000015,0.2500000000,-0.2500000000;0.1002130136,0.0308254790,0.0254165623;0.1000248566,-0.2499781847,-0.2499860823;0.1000497043,0.2500436306,0.2500278354;0.1000745595,0.2500654459,-0.2499582618
PointTriangle;0.44627294;0.0999076664,0.0316254981,0.0249620266;0.1000000015,-0.2500000000,-0.2500000000;0.1000000015,0.2500000000,0.2500000000;0.1000000015,0.2500000000,-0.2500000000;0.1001145691,0.0317927711,0.0250348691;0.1000000015,-0.2500000000,-0.2500000000;0.1000000015,0.2500000000,0.2500000000;0.1000000015,0.2500000000,-0.2500000000;0.1001145691,0.0317927711,0.0250348691;0.1000133678,-0.2499891967,-0.2499952912;0.1000267342,0.2500216067,0.2500094175;0.1000401005,0.2500324249,-0.2499858886
PointTriangle;0.7515649;0.0997504219,0.0354730822,0.0242558736;0.1000000015,-0.2500000000,-0.2500000000;0.1000000015,0.2500000000,0.2500000000;0.1000000015,0.2500000000,-0.2500000000;0.1000825018,0.0365358628,0.0245493166;0.1000000015,-0.2500000000,-0.2500000000;0.1000000015,0.2500000000,0.2500000000;0.1000000015,0.2500000000,-0.2500000000;0.1000825018,0.0365358628,0.0245493166;0.1000096276,-0.2499691993,-0.2499914914;0.1000192538,0.2500616014,0.2500170171;0.1000288799,0.2500924170,-0.2499744892
PointTriangle;0.39347228;0.0998444334,0.0238541290,0.0234267339;0.1000000015,-0.2500000000,-0.2500000000;0.1000000015,0.2500000000,0.2500000000;0.1000000015,0.2500000000,-0.2500000000;0.1002398059,0.0238262489,0.0235069562;0.1000000015,-0.2500000000,-0.2500000000;0.1000000015,0.2500000000,0.2500000000;0.1000000015,0.2500000000,-0.2500000000;0.1002398059,0.0238262489,0.0235069562;0.1000279784,-0.2500019670,-0.2499943227;0.1000559554,0.2499960512,0.2500113547;0.1000839323,0.2499940842,-0.2499829680
PointTriangle;0.39685294;0.0999131873,0.0357064977,0.0226170328;0.1000000015,-0.2500000000,-0.2500000000;0.1000000015,0.2500000000,0.2500000000;0.1000000015,0.2500000000,-0.2500000000;0.1001319438,0.0366914235,0.0227772612;0.1000000015,-0.2500000000,-0.2500000000;0.1000000015,0.2500000000,0.2500000000;0.1000000015,0.2500000000,-0.2500000000;0.1001319438,0.0366914235,0.0227772612;0.1000153944,-0.2499306947,-0.2499887198;0.1000307873,0.2501386106,0.2500225604;0.1000461802,0.2502079308,-0.2499661744
PointTriangle;0.47907066;0.0999047533,0.0194259174,0.0256229676;0.1000000015,-0.2500000000,-0.2500000000;0.1000000015,-0.2500000000,0.2500000000;0.1000000015,0.2500000000,0.2500000000;0.1001035720,0.0194567163,0.0257159583;0.1000000015,-0.2500000000,-0.2500000000;0.1000000015,-0.2500000000,0.2500000000;0.1000000015,0.2500000000,0.2500000000;0.1001035720,0.0194567163,0.0257159583;0.1000120863,-0.2499981225,-0.2499943525;0.1000241712,-0.2499962598,0.2500112951;0.1000362486,0.2500056028,0.2500169575
PointTriangle;0.36228666;0.0998516455,0.0237564519,0.0223462507;0.1000000015,-0.2500000000,-0.2500000000;0.1000000015,0.2500000000,0.2500000000;0.1000000015,0.2500000000,-0.2500000000;0.1002611443,0.0237832032,0.0224146992;0.1000000015,-0.2500000000,-0.2500000000;0.1000000015,0.2500000000,0.2500000000;0.1000000015,0.2500000000,-0.2500000000;0.1002611443,0.0237832032,0.0224146992;0.1000304669,-0.2499980032,-0.2499949038;0.1000609323,0.2500039935,0.2500101924;0.1000913978,0.2500059605,-0.2499847263
PointTriangle;0.27869922;0.0998857021,0.0226714183,0.0249740165;0.1000000015,-0.2500000000,-0.2500000000;0.1000000015,-0.2500000000,0.2500000000;0.1000000015,0.2500000000,0.2500000000;0.1002958193,0.0227713641,0.0250215121;0.1000000015,-0.2500000000,-0.2500000000;0.1000000015,-0.2500000000,0.2500000000;0.1000000015,0.2500000000,0.2500000000;0.1002958193,0.0227713641,0.0250215121;0.1000345126,-0.2499915957,-0.2499960065;0.1000690237,-0.2499831766,0.2500079870;0.1001035348,0.2500252426,0.2500119805
PointTriangle;0.29813665;0.0999238268,0.0161884464,0.0250703655;0.1000000015,-0.2500000000,-0.2500000000;0.1000000015,-0.2500000000,0.2500000000;0.1000000015,0.2500000000,0.2500000000;0.1001793295,0.0161209237,0.0251475032;0.1000000015,-0.2500000000,-0.2500000000;0.1000000015,-0.2500000000,0.2500000000;0.1000000015,0.2500000000,0.2500000000;0.1001793295,0.0161209237,0.0251475032;0.1000209227,-0.2500055432,-0.2499936819;0.1000418440,-0.2500110567,0.2500126362;0.1000627652,0.2499834150,0.2500189543
PointTriangle;0.4780421;0.0997940004,0.0226202030,0.0218299516;0.1000000015,-0.2500000000,-0.2500000000;0.1000000015,0.2500000000,0.2500000000;0.1000000015,0.2500000000,-0.2500000000;0.1002249271,0.0226679370,0.0218791664;0.1000000015,-0.2500000000,-0.2500000000;0.1000000015,0.2500000000,0.2500000000;0.1000000015,0.2500000000,-0.2500000000;0.1002249271,0.0226679370,0.0218791664;0.1000262424,-0.2499970943,-0.2499970049;0.1000524834,0.2500058115,0.2500059903;0.1000787243,0.2500087321,-0.2499910146
PointTriangle;0.40593287;0.0998563468,0.0238370039,0.0244877506;0.1000000015,-0.2500000000,-0.2500000000;0.1000000015,-0.2500000000,0.2500000000;0.1000000015,0.2500000000,0.2500000000;0.1002102345,0.0238393135,0.0245273300;0.1000000015,-0.2500000000,-0.2500000000;0.1000000015,-0.2500000000,0.2500000000;0.1000000015,0.2500000000,0.2500000000;0.1002102345,0.0238393135,0.0245273300;0.1000245288,-0.2499998361,-0.2499972582;0.1000490561,-0.2499996871,0.2500054836;0.1000735834,0.2500004768,0.2500082254
PointTriangle;0.30576345;0.0999165997,0.0183662809,0.0239883550;0.1000000015,-0.2500000000,-0.2500000000;0.1000000015,-0.2500000000,0.2500000000;0.1000000015,0.2500000000,0.2500000000;0.1001893654,0.0183664858,0.0240520742;0.1000000015,-0.2500000000,-0.2500000000;0.1000000015,-0.2500000000,0.2500000000;0.1000000015,0.2500000000,0.2500000000;0.1001893654,0.0183664858,0.0240520742;0.1000220925,-0.2499999851,-0.2499948442;0.1000441834,-0.2499999702,0.2500103116;0.1000662819,0.2500000596,0.2500154972
PointTriangle;0.1589132;0.0999132395,0.0226666927,0.0239347741;0.1000000015,-0.2500000000,-0.2500000000;0.1000000015,-0.2500000000,0.2500000000;0.1000000015,0.2500000000,0.2500000000;0.1004592106,0.0227631312,0.0240364075;0.1000000015,-0.2500000000,-0.2500000000;0.1000000015,-0.2500000000,0.2500000000;0.1000000015,0.2500000000,0.2500000000;0.1004592106,0.0227631312,0.0240364075;0.1000535786,-0.2499905378,-0.2499900311;0.1001071483,-0.2499810755,0.2500199378;0.1001607254,0.2500284016,0.2500299215
PointTriangle;0.3662412;0.0998856276,0.0172939841,0.0234433003;0.1000000015,-0.2500000000,-0.2500000000;0.1000000015,-0.2500000000,0.2500000000;0.1000000015,0.2500000000,0.2500000000;0.1001979187,0.0172360465,0.0234882180;0.1000000015,-0.2500000000,-0.2500000000;0.1000000015,-0.2500000000,0.2500000000;0.1000000015,0.2500000000,0.2500000000;0.1001979187,0.0172360465,0.0234882180;0.1000230908,-0.2500042915,-0.2499966770;0.1000461802,-0.2500085533,0.2500066459;0.1000692695,0.2499871552,0.2500099540
PointTriangle;0.33875477;0.0998798907,0.0162229072,0.0239488650;0.1000000015,-0.2500000000,-0.2500000000;0.1000000015,-0.2500000000,0.2500000000;0.1000000015,0.2500000000,0.2500000000;0.1002344564,0.0161098149,0.0240575746;0.1000000015,-0.2500000000,-0.2500000000;0.1000000015,-0.2500000000,0.2500000000;0.1000000015,0.2500000000,0.2500000000;0.1002344564,0.0161098149,0.0240575746;0.1000273526,-0.2500087321,-0.2499916106;0.1000547111,-0.2500174344,0.2500167787;0.1000820622,0.2499738336,0.2500251532
PointTriangle;0.5595659;0.0998713225,0.0194258280,0.0182528440;0.1000000015,-0.2500000000,-0.2500000000;0.1000000015,0.2500000000,0.2500000000;0.1000000015,0.2500000000,-0.2500000000;0.1001012847,0.0194628090,0.0181997940;0.1000000015,-0.2500000000,-0.2500000000;0.1000000015,0.2500000000,0.2500000000;0.1000000015,0.2500000000,-0.2500000000;0.1001012847,0.0194628090,0.0181997940;0.1000118181,-0.2499980927,-0.2500027120;0.1000236347,0.2500038147,0.2499945462;0.1000354514,0.2500056922,-0.2500081658
PointTriangle;0.37191647;0.0998317301,0.0226266347,0.0229050051;0.1000000015,-0.2500000000,-0.2500000000;0.1000000015,-0.2500000000,0.2500000000;0.1000000015,0.2500000000,0.2500000000;0.1002841741,0.0227652583,0.0229885802;0.1000000015,-0.2500000000,-0.2500000000;0.1000000015,-0.2500000000,0.2500000000;0.1000000015,0.2500000000,0.2500000000;0.1002841741,0.0227652583,0.0229885802;0.1000331566,-0.2499898374,-0.2499938756;0.1000663117,-0.2499796897,0.2500122488;0.1000994593,0.2500304878,0.2500183582
PointTriangle;0.17914535;0.0999254137,0.0162610635,0.0228769369;0.1000000015,-0.2500000000,-0.2500000000;0.1000000015,-0.2500000000,0.2500000000;0.1000000015,0.2500000000,0.2500000000;0.1003417671,0.0161660425,0.0229814518;0.1000000015,-0.2500000000,-0.2500000000;0.1000000015,-0.2500000000,0.2500000000;0.1000000015,0.2500000000,0.2500000000;0.1003417671,0.0161660425,0.0229814518;0.1000398770,-0.2500090897,-0.2499899864;0.1000797451,-0.2500182092,0.2500200272;0.1001196206,0.2499727011,0.2500300407
PointTriangle;0.702692;0.0999082029,0.0259845983,0.0171098243;0.1000000015,-0.2500000000,-0.2500000000;0.1000000015,0.2500000000,0.2500000000;0.1000000015,0.2500000000,-0.2500000000;0.1000388414,0.0260182340,0.0170556549;0.1000000015,-0.2500000000,-0.2500000000;0.1000000015,0.2500000000,0.2500000000;0.1000000015,0.2500000000,-0.2500000000;0.1000388414,0.0260182340,0.0170556549;0.1000045314,-0.2499988377,-0.2500018775;0.1000090614,0.2500023246,0.2499962449;0.1000135988,0.2500034869,-0.2500056326
PointTriangle;0.23449485;0.0999273509,0.0215705633,0.0171194412;0.1000000015,-0.2500000000,-0.2500000000;0.1000000015,0.2500000000,0.2500000000;0.1000000015,0.2500000000,-0.2500000000;0.1002371684,0.0215705242,0.0170573555;0.1000000015,-0.2500000000,-0.2500000000;0.1000000015,0.2500000000,0.2500000000;0.1000000015,0.2500000000,-0.2500000000;0.1002371684,0.0215705242,0.0170573555;0.1000276729,-0.2500000000,-0.2500055432;0.1000553370,0.2500000000,0.2499889135;0.1000830084,0.2499999851,-0.2500166297
PointTriangle;0.5538065;0.0999072120,0.0194250550,0.0223834608;0.1000000015,-0.2500000000,-0.2500000000;0.1000000015,-0.2500000000,0.2500000000;0.1000000015,0.2500000000,0.2500000000;0.1000747606,0.0195522103,0.0224044714;0.1000000015,-0.2500000000,-0.2500000000;0.1000000015,-0.2500000000,0.2500000000;0.1000000015,0.2500000000,0.2500000000;0.1000747606,0.0195522103,0.0224044714;0.1000087261,-0.2499933839,-0.2499989122;0.1000174433,-0.2499867678,0.2500021756;0.1000261679,0.2500198483,0.2500032783
PointTriangle;0.358489;0.0999324024,0.0194059256,0.0171849392;0.1000000015,-0.2500000000,-0.2500000000;0.1000000015,0.2500000000,0.2500000000;0.1000000015,0.2500000000,-0.2500000000;0.1001209691,0.0194034297,0.0170820486;0.1000000015,-0.2500000000,-0.2500000000;0.1000000015,0.2500000000,0.2500000000;0.1000000015,0.2500000000,-0.2500000000;0.1001209691,0.0194034297,0.0170820486;0.1000141129,-0.2500001788,-0.2500076890;0.1000282243,0.2499996275,0.2499845922;0.1000423431,0.2499994338,-0.2500230968
PointTriangle;0.15195623;0.0999302343,0.0183035824,0.0166784786;0.1000000015,-0.2500000000,-0.2500000000;0.1000000015,0.2500000000,0.2500000000;0.1000000015,0.2500000000,-0.2500000000;0.1003893614,0.0183008425,0.0165943578;0.1000000015,-0.2500000000,-0.2500000000;0.1000000015,0.2500000000,0.2500000000;0.1000000015,0.2500000000,-0.2500000000;0.1003893614,0.0183008425,0.0165943578;0.1000454277,-0.2500002682,-0.2500083148;0.1000908539,0.2499994636,0.2499833554;0.1001362801,0.2499991804,-0.2500249743
PointTriangle;0.31766683;0.0999112204,0.0151672289,0.0223478340;0.1000000015,-0.2500000000,-0.2500000000;0.1000000015,-0.2500000000,0.2500000000;0.1000000015,0.2500000000,0.2500000000;0.1001906991,0.0150256921,0.0224043671;0.1000000015,-0.2500000000,-0.2500000000;0.1000000015,-0.2500000000,0.2500000000;0.1000000015,0.2500000000,0.2500000000;0.1001906991,0.0150256921,0.0224043671;0.1000222489,-0.2500112653,-0.2499954998;0.1000444964,-0.2500225306,0.2500090003;0.1000667438,0.2499662042,0.2500135005
PointTriangle;0.2742048;0.0998856127,0.0172513518,0.0171966013;0.1000000015,-0.2500000000,-0.2500000000;0.1000000015,0.2500000000,0.2500000000;0.1000000015,0.2500000000,-0.2500000000;0.1003027782,0.0172856189,0.0171107221;0.1000000015,-0.2500000000,-0.2500000000;0.1000000015,0.2500000000,0.2500000000;0.1000000015,0.2500000000,-0.2500000000;0.1003027782,0.0172856189,0.0171107221;0.1000353247,-0.2499970943,-0.2500072718;0.1000706479,0.2500058115,0.2499854565;0.1001059711,0.2500087023,-0.2500218153
PointTriangle;0.26630795;0.0998982266,0.0162341297,0.0218462888;0.1000000015,-0.2500000000,-0.2500000000;0.1000000015,-0.2500000000,0.2500000000;0.1000000015,0.2500000000,0.2500000000;0.1002803966,0.0161560420,0.0219023284;0.1000000015,-0.2500000000,-0.2500000000;0.1000000015,-0.2500000000,0.2500000000;0.1000000015,0.2500000000,0.2500000000;0.1002803966,0.0161560420,0.0219023284;0.1000327170,-0.2500066757,-0.2499952018;0.1000654250,-0.2500133812,0.2500095963;0.1000981405,0.2499799430,0.2500143945
PointTriangle;0.1985283;0.0999218076,0.0226764232,0.0165572874;0.1000000015,-0.2500000000,-0.2500000000;0.1000000015,0.2500000000,0.2500000000;0.1000000015,0.2500000000,-0.2500000000;0.1003156751,0.0226384699,0.0164992027;0.1000000015,-0.2500000000,-0.2500000000;0.1000000015,0.2500000000,0.2500000000;0.1000000015,0.2500000000,-0.2500000000;0.1003156751,0.0226384699,0.0164992027;0.1000368297,-0.2500035465,-0.2500054240;0.1000736579,0.2499929070,0.2499891371;0.1001104861,0.2499893606,-0.2500163019
PointTriangle;0.15497512;0.0999285653,0.0204632450,0.0166013557;0.1000000015,-0.2500000000,-0.2500000000;0.1000000015,0.2500000000,0.2500000000;0.1000000015,0.2500000000,-0.2500000000;0.1003895178,0.0203916244,0.0165291876;0.1000000015,-0.2500000000,-0.2500000000;0.1000000015,0.2500000000,0.2500000000;0.1000000015,0.2500000000,-0.2500000000;0.1003895178,0.0203916244,0.0165291876;0.1000454426,-0.2500070632,-0.2500071228;0.1000908911,0.2499858737,0.2499857694;0.1001363322,0.2499788105,-0.2500213385
PointTriangle;0.32150137;0.0998343304,0.0193948057,0.0161266141;0.1000000015,-0.2500000000,-0.2500000000;0.1000000015,0.2500000000,0.2500000000;0.1000000015,0.2500000000,-0.2500000000;0.1003496349,0.0194015950,0.0160079822;0.1000000015,-0.2500000000,-0.2500000000;0.1000000015,0.2500000000,0.2500000000;0.1000000015,0.2500000000,-0.2500000000;0.1003496349,0.0194015950,0.0160079822;0.1000407934,-0.2499994636,-0.2500093877;0.1000815853,0.2500010729,0.2499812245;0.1001223698,0.2500016093,-0.2500281632
PointTriangle;0.42678395;0.0998383760,0.0172339138,0.0160891972;0.1000000015,-0.2500000000,-0.2500000000;0.1000000015,0.2500000000,0.2500000000;0.1000000015,0.2500000000,-0.2500000000;0.1002170816,0.0172252152,0.0160789825;0.1000000015,-0.2500000000,-0.2500000000;0.1000000015,0.2500000000,0.2500000000;0.1000000015,0.2500000000,-0.2500000000;0.1002170816,0.0172252152,0.0160789825;0.1000253260,-0.2500005960,-0.2500006855;0.1000506505,0.2499988377,0.2499986291;0.1000759825,0.2499982566,-0.2500020564
PointTriangle;0.53664416;0.0998309329,0.0227208436,0.0155111710;0.1000000015,-0.2500000000,-0.2500000000;0.1000000015,0.2500000000,0.2500000000;0.1000000015,0.2500000000,-0.2500000000;0.1001459807,0.0226992853,0.0154625922;0.1000000015,-0.2500000000,-0.2500000000;0.1000000015,0.2500000000,0.2500000000;0.1000000015,0.2500000000,-0.2500000000;0.1001459807,0.0226992853,0.0154625922;0.1000170335,-0.2500011623,-0.2500026226;0.1000340655,0.2499976754,0.2499947548;0.1000510976,0.2499964982,-0.2500078678
PointTriangle;0.48828423;0.0997756496,0.0204827189,0.0155874258;0.1000000015,-0.2500000000,-0.2500000000;0.1000000015,0.2500000000,0.2500000000;0.1000000015,0.2500000000,-0.2500000000;0.1002351195,0.0204754937,0.0154985972;0.1000000015,-0.2500000000,-0.2500000000;0.1000000015,0.2500000000,0.2500000000;0.1000000015,0.2500000000,-0.2500000000;0.1002351195,0.0204754937,0.0154985972;0.1000274345,-0.2500004172,-0.2500053048;0.1000548601,0.2499991357,0.2499893904;0.1000822932,0.2499987036,-0.2500159144
PointTriangle;0.3799215;0.0998356491,0.0183231980,0.0155596538;0.1000000015,-0.2500000000,-0.2500000000;0.1000000015,0.2500000000,0.2500000000;0.1000000015,0.2500000000,-0.2500000000;0.1002682447,0.0183441658,0.0154968388;0.1000000015,-0.2500000000,-0.2500000000;0.1000000015,0.2500000000,0.2500000000;0.1000000015,0.2500000000,-0.2500000000;0.1002682447,0.0183441658,0.0154968388;0.1000312939,-0.2499984801,-0.2500045300;0.1000625938,0.2500030398,0.2499909103;0.1000938863,0.2500045598,-0.2500136197
PointTriangle;0.48863977;0.0998892784,0.0151338419,0.0192949176;0.1000000015,-0.2500000000,-0.2500000000;0.1000000015,-0.2500000000,0.2500000000;0.1000000015,0.2500000000,0.2500000000;0.1001158729,0.0149824331,0.0192717854;0.1000000015,-0.2500000000,-0.2500000000;0.1000000015,-0.2500000000,0.2500000000;0.1000000015,0.2500000000,0.2500000000;0.1001158729,0.0149824331,0.0192717854;0.1000135168,-0.2500090301,-0.2500013709;0.1000270396,-0.2500180602,0.2499972433;0.1000405550,0.2499728948,0.2499958575
PointTriangle;0.20386325;0.0999213681,0.0216042567,0.0149997221;0.1000000015,-0.2500000000,-0.2500000000;0.1000000015,0.2500000000,0.2500000000;0.1000000015,0.2500000000,-0.2500000000;0.1003070846,0.0216363687,0.0148209166;0.1000000015,-0.2500000000,-0.2500000000;0.1000000015,0.2500000000,0.2500000000;0.1000000015,0.2500000000,-0.2500000000;0.1003070846,0.0216363687,0.0148209166;0.1000358313,-0.2499970198,-0.2500165999;0.1000716537,0.2500059605,0.2499667853;0.1001074836,0.2500089407,-0.2500498295
PointTriangle;0.16572136;0.0999211967,0.0193986762,0.0150108431;0.1000000015,-0.2500000000,-0.2500000000;0.1000000015,0.2500000000,0.2500000000;0.1000000015,0.2500000000,-0.2500000000;0.1003967226,0.0194038600,0.0149710169;0.1000000015,-0.2500000000,-0.2500000000;0.1000000015,0.2500000000,0.2500000000;0.1000000015,0.2500000000,-0.2500000000;0.1003967226,0.0194038600,0.0149710169;0.1000462845,-0.2499994934,-0.2500038743;0.1000925675,0.2500010133,0.2499922514;0.1001388505,0.2500015199,-0.2500116229
PointTriangle;0.3370157;0.0998893082,0.0150836008,0.0182292052;0.1000000015,-0.2500000000,-0.2500000000;0.1000000015,-0.2500000000,0.2500000000;0.1000000015,0.2500000000,0.2500000000;0.1002177596,0.0149704460,0.0182030611;0.1000000015,-0.2500000000,-0.2500000000;0.1000000015,-0.2500000000,0.2500000000;0.1000000015,0.2500000000,0.2500000000;0.1002177596,0.0149704460,0.0182030611;0.1000254080,-0.2500087619,-0.2500020266;0.1000508144,-0.2500174940,0.2499959618;0.1000762135,0.2499737442,0.2499939352
PointTriangle;0.5945834;0.0999137983,0.0172692798,0.0182785299;0.1000000015,-0.2500000000,-0.2500000000;0.1000000015,-0.2500000000,0.2500000000;0.1000000015,0.2500000000,0.2500000000;0.1000587791,0.0172392782,0.0182078723;0.1000000015,-0.2500000000,-0.2500000000;0.1000000015,-0.2500000000,0.2500000000;0.1000000015,0.2500000000,0.2500000000;0.1000587791,0.0172392782,0.0182078723;0.1000068560,-0.2500014305,-0.2500033379;0.1000137180,-0.2500028312,0.2499933094;0.1000205725,0.2499957383,0.2499899715
PointTriangle;0.5555332;0.0998554826,0.0227603894,0.0144104231;0.1000000015,-0.2500000000,-0.2500000000;0.1000000015,0.2500000000,0.2500000000;0.1000000015,0.2500000000,-0.2500000000;0.1001156271,0.0227760449,0.0143506555;0.1000000015,-0.2500000000,-0.2500000000;0.1000000015,0.2500000000,0.2500000000;0.1000000015,0.2500000000,-0.2500000000;0.1001156271,0.0227760449,0.0143506555;0.1000134945,-0.2499991953,-0.2500030994;0.1000269800,0.2500016093,0.2499938011;0.1000404730,0.2500024438,-0.2500092983
PointTriangle;0.3350197;0.0998801067,0.0204963237,0.0144489538;0.1000000015,-0.2500000000,-0.2500000000;0.1000000015,0.2500000000,0.2500000000;0.1000000015,0.2500000000,-0.2500000000;0.1002379805,0.0204954203,0.0143853845;0.1000000015,-0.2500000000,-0.2500000000;0.1000000015,0.2500000000,0.2500000000;0.1000000015,0.2500000000,-0.2500000000;0.1002379805,0.0204954203,0.0143853845;0.1000277624,-0.2500000596,-0.2500049174;0.1000555307,0.2499998659,0.2499901354;0.1000832915,0.2499997914,-0.2500147820
PointTriangle;0.37851477;0.0998709202,0.0183008015,0.0144438790;0.1000000015,-0.2500000000,-0.2500000000;0.1000000015,0.2500000000,0.2500000000;0.1000000015,0.2500000000,-0.2500000000;0.1002119407,0.0183270425,0.0143664880;0.1000000015,-0.2500000000,-0.2500000000;0.1000000015,0.2500000000,0.2500000000;0.1000000015,0.2500000000,-0.2500000000;0.1002119407,0.0183270425,0.0143664880;0.1000247300,-0.2499980927,-0.2500056028;0.1000494510,0.2500038147,0.2499887794;0.1000741795,0.2500057220,-0.2500168383
PointTriangle;0.6231105;0.0998445973,0.0205206834,0.0250429548;0.1000000015,-0.2500000000,-0.2500000000;0.1000000015,-0.2500000000,0.2500000000;0.1000000015,0.2500000000,0.2500000000;0.1000939980,0.0205243658,0.0250167511;0.1000000015,-0.2500000000,-0.2500000000;0.1000000015,-0.2500000000,0.2500000000;0.1000000015,0.2500000000,0.2500000000;0.1000939980,0.0205243658,0.0250167511;0.1000109687,-0.2499998361,-0.2500011623;0.1000219360,-0.2499996722,0.2499976903;0.1000329033,0.2500004768,0.2499965429
PointTriangle;0.2580236;0.0999242291,0.0150806149,0.0171570182;0.1000000015,-0.2500000000,-0.2500000000;0.1000000015,-0.2500000000,0.2500000000;0.1000000015,0.2500000000,0.2500000000;0.1002178937,0.0149994325,0.0171281211;0.1000000015,-0.2500000000,-0.2500000000;0.1000000015,-0.2500000000,0.2500000000;0.1000000015,0.2500000000,0.2500000000;0.1002178937,0.0149994325,0.0171281211;0.1000254229,-0.2500070333,-0.2500025034;0.1000508443,-0.2500140667,0.2499949932;0.1000762656,0.2499789149,0.2499924898
PointTriangle;0.5215869;0.0999123305,0.0073178001,0.0296466071;0.1000000015,-0.2500000000,-0.2500000000;0.1000000015,-0.2500000000,0.2500000000;0.1000000015,0.2500000000,0.2500000000;0.1000804156,0.0066814646,0.0301938858;0.1000000015,-0.2500000000,-0.2500000000;0.1000000015,-0.2500000000,0.2500000000;0.1000000015,0.2500000000,0.2500000000;0.1000804156,0.0066814646,0.0301938858;0.1000093818,-0.2500355244,-0.2499694526;0.1000187621,-0.2500710487,0.2500610948;0.1000281498,0.2498934418,0.2500916421
PointTriangle;0.77760595;0.0998276994,0.0226693023,0.0176136307;0.1000000015,-0.2500000000,-0.2500000000;0.1000000015,0.2500000000,0.2500000000;0.1000000015,0.2500000000,-0.2500000000;0.1000492796,0.0225882474,0.0175297596;0.1000000015,-0.2500000000,-0.2500000000;0.1000000015,0.2500000000,0.2500000000;0.1000000015,0.2500000000,-0.2500000000;0.1000492796,0.0225882474,0.0175297596;0.1000057533,-0.2500021160,-0.2500021756;0.1000114977,0.2499957979,0.2499956489;0.1000172496,0.2499936968,-0.2500065267
PointTriangle;0.7830334;0.0997915566,0.0043433355,0.0166288577;0.1000000015,-0.2500000000,-0.2500000000;0.1000000015,-0.2500000000,0.2500000000;0.1000000015,0.2500000000,0.2500000000;0.1000577584,0.0034529394,0.0164484251;0.1000000015,-0.2500000000,-0.2500000000;0.1000000015,-0.2500000000,0.2500000000;0.1000000015,0.2500000000,0.2500000000;0.1000577584,0.0034529392,0.0164484251;0.1000067368,-0.2500225306,-0.2500045598;0.1000134796,-0.2500450909,0.2499908656;0.1000202149,0.2499323785,0.2499862909
PointTriangle;0.24539378;0.0999108925,0.0161620155,0.0166397188;0.1000000015,-0.2500000000,-0.2500000000;0.1000000015,-0.2500000000,0.2500000000;0.1000000015,0.2500000000,0.2500000000;0.1002740189,0.0161258541,0.0166120008;0.1000000015,-0.2500000000,-0.2500000000;0.1000000015,-0.2500000000,0.2500000000;0.1000000015,0.2500000000,0.2500000000;0.1002740189,0.0161258541,0.0166120008;0.1000319719,-0.2500031888,-0.2500024438;0.1000639424,-0.2500063777,0.2499951124;0.1000959054,0.2499904484,0.2499926835
PointTriangle;0.17704202;0.0999221951,0.0205265936,0.0239641685;0.1000000015,-0.2500000000,-0.2500000000;0.1000000015,-0.2500000000,0.2500000000;0.1000000015,0.2500000000,0.2500000000;0.1003616750,0.0205633622,0.0240154974;0.1000000015,-0.2500000000,-0.2500000000;0.1000000015,-0.2500000000,0.2500000000;0.1000000015,0.2500000000,0.2500000000;0.1003616750,0.0205633622,0.0240154974;0.1000421941,-0.2499964684,-0.2499950677;0.1000843942,-0.2499929368,0.2500098646;0.1001265869,0.2500105798,0.2500147820
PointTriangle;0.38036004;0.0998899639,0.0285829250,0.0108940145;0.1000000015,-0.2500000000,-0.2500000000;0.1000000015,0.2500000000,0.2500000000;0.1000000015,0.2500000000,-0.2500000000;0.1001792625,0.0287230071,0.0106052011;0.1000000015,-0.2500000000,-0.2500000000;0.1000000015,0.2500000000,0.2500000000;0.1000000015,0.2500000000,-0.2500000000;0.1001792625,0.0287230071,0.0106052011;0.1000209153,-0.2499898672,-0.2500208914;0.1000418290,0.2500202656,0.2499582469;0.1000627428,0.2500303686,-0.2500626445
PointTriangle;0.66209626;0.0998654440,0.0275969561,0.0340500586;0.1000000015,-0.2500000000,-0.2500000000;0.1000000015,-0.2500000000,0.2500000000;0.1000000015,0.2500000000,0.2500000000;0.1000686735,0.0280410964,0.0349137746;0.1000000015,-0.2500000000,-0.2500000000;0.1000000015,-0.2500000000,0.2500000000;0.1000000015,0.2500000000,0.2500000000;0.1000686735,0.0280410964,0.0349137746;0.1000080109,-0.2499824911,-0.2499659508;0.1000160277,-0.2499649823,0.2500680983;0.1000240371,0.2500525415,0.2501021624
PointTriangle;0.7745852;0.0997670218,0.0052274759,0.0138533246;0.1000000015,-0.2500000000,-0.2500000000;0.1000000015,-0.2500000000,0.2500000000;0.1000000015,0.2500000000,0.2500000000;0.1000678018,0.0043039792,0.0134351905;0.1000000015,-0.2500000000,-0.2500000000;0.1000000015,-0.2500000000,0.2500000000;0.1000000015,0.2500000000,0.2500000000;0.1000678018,0.0043039792,0.0134351905;0.1000079140,-0.2500242889,-0.2500109971;0.1000158191,-0.2500485778,0.2499780059;0.1000237316,0.2499271333,0.2499670088
PointTriangle;0.66763586;0.0998323485,0.0337222889,0.0117373709;0.1000000015,-0.2500000000,-0.2500000000;0.1000000015,0.2500000000,0.2500000000;0.1000000015,0.2500000000,-0.2500000000;0.1000834629,0.0346250720,0.0112040322;0.1000000015,-0.2500000000,-0.2500000000;0.1000000015,0.2500000000,0.2500000000;0.1000000015,0.2500000000,-0.2500000000;0.1000834629,0.0346250720,0.0112040322;0.1000097394,-0.2499649972,-0.2500206828;0.1000194773,0.2500700057,0.2499586344;0.1000292152,0.2501050234,-0.2500620484
PointTriangle;0.76260984;0.0997141004,0.0316387750,0.0088037848;0.1000000015,-0.2500000000,-0.2500000000;0.1000000015,0.2500000000,0.2500000000;0.1000000015,0.2500000000,-0.2500000000;0.1000889987,0.0324344672,0.0080508795;0.1000000015,-0.2500000000,-0.2500000000;0.1000000015,0.2500000000,0.2500000000;0.1000000015,0.2500000000,-0.2500000000;0.1000889987,0.0324344672,0.0080508795;0.1000103876,-0.2499779612,-0.2500208616;0.1000207663,0.2500440776,0.2499582916;0.1000311524,0.2500661016,-0.2500625551
PointTriangle;0.26873693;0.0999139249,0.0205352437,0.0228828359;0.1000000015,-0.2500000000,-0.2500000000;0.1000000015,-0.2500000000,0.2500000000;0.1000000015,0.2500000000,0.2500000000;0.1002342254,0.0205535237,0.0229530018;0.1000000015,-0.2500000000,-0.2500000000;0.1000000015,-0.2500000000,0.2500000000;0.1000000015,0.2500000000,0.2500000000;0.1002342254,0.0205535237,0.0229530018;0.1000273302,-0.2499984354,-0.2499940097;0.1000546515,-0.2499968857,0.2500119805;0.1000819802,0.2500046790,0.2500179708
PointTriangle;0.36363906;0.0999085158,0.0158774741,0.0078504179;0.1000000015,-0.2500000000,-0.2500000000;0.1000000015,0.2500000000,0.2500000000;0.1000000015,0.2500000000,-0.2500000000;0.1001600996,0.0158512499,0.0075915148;0.1000000015,-0.2500000000,-0.2500000000;0.1000000015,0.2500000000,0.2500000000;0.1000000015,0.2500000000,-0.2500000000;0.1001600996,0.0158512499,0.0075915148;0.1000186801,-0.2500019372,-0.2500192225;0.1000373587,0.2499961108,0.2499615550;0.1000560373,0.2499941587,-0.2500576675
PointTriangle;0.40911692;0.0999254435,0.0318575464,0.0094558019;0.1000000015,-0.2500000000,-0.2500000000;0.1000000015,0.2500000000,0.2500000000;0.1000000015,0.2500000000,-0.2500000000;0.1001076847,0.0324925780,0.0089295320;0.1000000015,-0.2500000000,-0.2500000000;0.1000000015,0.2500000000,0.2500000000;0.1000000015,0.2500000000,-0.2500000000;0.1001076847,0.0324925780,0.0089295320;0.1000125632,-0.2499562204,-0.2500362694;0.1000251248,0.2500875592,0.2499274462;0.1000376940,0.2501313388,-0.2501088381
PointTriangle;0.7148302;0.0998323262,0.0092004398,0.0080313394;0.1000000015,-0.2500000000,-0.2500000000;0.1000000015,0.2500000000,0.2500000000;0.1000000015,0.2500000000,-0.2500000000;0.1000668928,0.0085801315,0.0072819181;0.1000000015,-0.2500000000,-0.2500000000;0.1000000015,0.2500000000,0.2500000000;0.1000000015,0.2500000000,-0.2500000000;0.1000668928,0.0085801315,0.0072819181;0.1000078022,-0.2500206232,-0.2500249445;0.1000156105,0.2499587238,0.2499501407;0.1000234112,0.2499380857,-0.2500748038
PointTriangle;0.6224593;0.0999313220,0.0080250362,0.0093603358;0.1000000015,-0.2500000000,-0.2500000000;0.1000000015,-0.2500000000,0.2500000000;0.1000000015,0.2500000000,0.2500000000;0.1000416577,0.0073725078,0.0087806145;0.1000000015,-0.2500000000,-0.2500000000;0.1000000015,-0.2500000000,0.2500000000;0.1000000015,0.2500000000,0.2500000000;0.1000416577,0.0073725078,0.0087806145;0.1000048593,-0.2500287294,-0.2500255406;0.1000097245,-0.2500574887,0.2499489337;0.1000145823,0.2499137819,0.2499233931
PointTriangle;0.7234603;0.0997827873,0.0296631157,0.0070444639;0.1000000015,-0.2500000000,-0.2500000000;0.1000000015,0.2500000000,0.2500000000;0.1000000015,0.2500000000,-0.2500000000;0.1000830308,0.0303222463,0.0061778892;0.1000000015,-0.2500000000,-0.2500000000;0.1000000015,0.2500000000,0.2500000000;0.1000000015,0.2500000000,-0.2500000000;0.1000830308,0.0303222463,0.0061778892;0.1000096872,-0.2499787360,-0.2500279546;0.1000193730,0.2500425279,0.2499440908;0.1000290588,0.2500638068,-0.2500838637
PointTriangle;0.21654202;0.0999044403,0.0237375014,0.0212722570;0.1000000015,-0.2500000000,-0.2500000000;0.1000000015,0.2500000000,0.2500000000;0.1000000015,0.2500000000,-0.2500000000;0.1003457457,0.0237442330,0.0213240944;0.1000000015,-0.2500000000,-0.2500000000;0.1000000015,0.2500000000,0.2500000000;0.1000000015,0.2500000000,-0.2500000000;0.1003457457,0.0237442330,0.0213240944;0.1000403389,-0.2499993891,-0.2499952614;0.1000806764,0.2500012219,0.2500094771;0.1001210138,0.2500018477,-0.2499857843
PointTriangle;0.34486184;0.0999119654,0.0102156224,0.0072698435;0.1000000015,-0.2500000000,-0.2500000000;0.1000000015,0.2500000000,0.2500000000;0.1000000015,0.2500000000,-0.2500000000;0.1001672447,0.0096143810,0.0064924802;0.1000000015,-0.2500000000,-0.2500000000;0.1000000015,0.2500000000,0.2500000000;0.1000000015,0.2500000000,-0.2500000000;0.1001672447,0.0096143810,0.0064924802;0.1000195146,-0.2500459552,-0.2500594258;0.1000390276,0.2499080896,0.2498811632;0.1000585333,0.2498621345,-0.2501782477
PointTriangle;0.5261974;0.0998745188,0.0140070561,0.0197621081;0.1000000015,-0.2500000000,-0.2500000000;0.1000000015,-0.2500000000,0.2500000000;0.1000000015,0.2500000000,0.2500000000;0.1001129895,0.0138197960,0.0197743867;0.1000000015,-0.2500000000,-0.2500000000;0.1000000015,-0.2500000000,0.2500000000;0.1000000015,0.2500000000,0.2500000000;0.1001129895,0.0138197960,0.0197743867;0.1000131816,-0.2500103414,-0.2499993145;0.1000263691,-0.2500207126,0.2500013709;0.1000395492,0.2499689460,0.2500020266
PointTriangle;0.3794878;0.0999110118,0.0248857383,0.0207493547;0.1000000015,-0.2500000000,-0.2500000000;0.1000000015,0.2500000000,0.2500000000;0.1000000015,0.2500000000,-0.2500000000;0.1001455113,0.0248854179,0.0208164547;0.1000000015,-0.2500000000,-0.2500000000;0.1000000015,0.2500000000,0.2500000000;0.1000000015,0.2500000000,-0.2500000000;0.1001455113,0.0248854179,0.0208164547;0.1000169814,-0.2500000298,-0.2499951422;0.1000339538,0.2499999553,0.2500097156;0.1000509262,0.2499999255,-0.2499854267
PointTriangle;0.22738086;0.0999010056,0.0226018913,0.0207806341;0.1000000015,-0.2500000000,-0.2500000000;0.1000000015,0.2500000000,0.2500000000;0.1000000015,0.2500000000,-0.2500000000;0.1003363803,0.0226720944,0.0207966752;0.1000000015,-0.2500000000,-0.2500000000;0.1000000015,0.2500000000,0.2500000000;0.1000000015,0.2500000000,-0.2500000000;0.1003363803,0.0226720944,0.0207966752;0.1000392437,-0.2499936670,-0.2499985546;0.1000784934,0.2500126660,0.2500028908;0.1001177356,0.2500189841,-0.2499956638
PointTriangle;0.8959525;0.0998086855,0.0112936450,0.0065578227;0.1000000015,-0.2500000000,-0.2500000000;0.1000000015,0.2500000000,0.2500000000;0.1000000015,0.2500000000,-0.2500000000;0.1000222191,0.0108022410,0.0057748077;0.1000000015,-0.2500000000,-0.2500000000;0.1000000015,0.2500000000,0.2500000000;0.1000000015,0.2500000000,-0.2500000000;0.1000222191,0.0108022410,0.0057748077;0.1000025943,-0.2500059605,-0.2500095069;0.1000051871,0.2499880642,0.2499809861;0.1000077799,0.2499821037,-0.2500285208
PointTriangle;0.40492964;0.0998865366,0.0226511322,0.0197039600;0.1000000015,-0.2500000000,-0.2500000000;0.1000000015,0.2500000000,0.2500000000;0.1000000015,0.2500000000,-0.2500000000;0.1001667455,0.0225951485,0.0197431538;0.1000000015,-0.2500000000,-0.2500000000;0.1000000015,0.2500000000,0.2500000000;0.1000000015,0.2500000000,-0.2500000000;0.1001667455,0.0225951485,0.0197431538;0.1000194550,-0.2500038743,-0.2499972731;0.1000389084,0.2499922216,0.2500054538;0.1000583619,0.2499883473,-0.2499918342
PointTriangle;0.5232143;0.0998659134,0.0204402618,0.0197749361;0.1000000015,-0.2500000000,-0.2500000000;0.1000000015,0.2500000000,0.2500000000;0.1000000015,0.2500000000,-0.2500000000;0.1001221910,0.0204939768,0.0197847299;0.1000000015,-0.2500000000,-0.2500000000;0.1000000015,0.2500000000,0.2500000000;0.1000000015,0.2500000000,-0.2500000000;0.1001221910,0.0204939768,0.0197847299;0.1000142545,-0.2499970049,-0.2499994487;0.1000285149,0.2500059903,0.2500011027;0.1000427678,0.2500089705,-0.2499983609
PointTriangle;0.95052505;0.0997801349,0.0252315607,0.0351881832;0.1000000015,-0.2500000000,-0.2500000000;0.1000000015,-0.2500000000,0.2500000000;0.1000000015,0.2500000000,0.2500000000;0.1000114456,0.0255712532,0.0361087210;0.1000000015,-0.2500000000,-0.2500000000;0.1000000015,-0.2500000000,0.2500000000;0.1000000015,0.2500000000,0.2500000000;0.1000114456,0.0255712532,0.0361087210;0.1000013351,-0.2499980330,-0.2499946803;0.1000026688,-0.2499960810,0.2500106394;0.1000040099,0.2500058711,0.2500159442
PointTriangle;0.19249466;0.0999253616,0.0252881646,0.0089237252;0.1000000015,-0.2500000000,-0.2500000000;0.1000000015,0.2500000000,0.2500000000;0.1000000015,0.2500000000,-0.2500000000;0.1003131121,0.0254832394,0.0086362222;0.1000000015,-0.2500000000,-0.2500000000;0.1000000015,0.2500000000,0.2500000000;0.1000000015,0.2500000000,-0.2500000000;0.1003131121,0.0254832394,0.0086362222;0.1000365317,-0.2499816269,-0.2500270903;0.1000730619,0.2500367463,0.2499458343;0.1001095921,0.2500551343,-0.2500812709
PointTriangle;0.7361526;0.0997701734,0.0217609424,0.0359242596;0.1000000015,-0.2500000000,-0.2500000000;0.1000000015,-0.2500000000,0.2500000000;0.1000000015,0.2500000000,0.2500000000;0.1000823751,0.0218616799,0.0369798057;0.1000000015,-0.2500000000,-0.2500000000;0.1000000015,-0.2500000000,0.2500000000;0.1000000015,0.2500000000,0.2500000000;0.1000823751,0.0218616799,0.0369798057;0.1000096127,-0.2499969006,-0.2499675006;0.1000192240,-0.2499938011,0.2500649989;0.1000288352,0.2500092983,0.2500974834
PointTriangle;0.74796754;0.0997607782,0.0064474521,0.0287682340;0.1000000015,-0.2500000000,-0.2500000000;0.1000000015,-0.2500000000,0.2500000000;0.1000000015,0.2500000000,0.2500000000;0.1000806093,0.0055716261,0.0293388218;0.1000000015,-0.2500000000,-0.2500000000;0.1000000015,-0.2500000000,0.2500000000;0.1000000015,0.2500000000,0.2500000000;0.1000806093,0.0055716261,0.0293388218;0.1000094041,-0.2500257492,-0.2499832213;0.1000188068,-0.2500514984,0.2500335574;0.1000282168,0.2499227375,0.2500503361
PointTriangle;0.639587;0.0998596922,0.0124192592,0.0058713434;0.1000000015,-0.2500000000,-0.2500000000;0.1000000015,0.2500000000,0.2500000000;0.1000000015,0.2500000000,-0.2500000000;0.1000790671,0.0120028192,0.0050217560;0.1000000015,-0.2500000000,-0.2500000000;0.1000000015,0.2500000000,0.2500000000;0.1000000015,0.2500000000,-0.2500000000;0.1000790671,0.0120028192,0.0050217560;0.1000092253,-0.2500175238,-0.2500357330;0.1000184491,0.2499649823,0.2499285489;0.1000276729,0.2499474734,-0.2501071692
PointTriangle;0.37331137;0.0999324694,0.0237339847,0.0202295240;0.1000000015,-0.2500000000,-0.2500000000;0.1000000015,0.2500000000,0.2500000000;0.1000000015,0.2500000000,-0.2500000000;0.1001133695,0.0237385053,0.0202574730;0.1000000015,-0.2500000000,-0.2500000000;0.1000000015,0.2500000000,0.2500000000;0.1000000015,0.2500000000,-0.2500000000;0.1001133695,0.0237385053,0.0202574730;0.1000132263,-0.2499996722,-0.2499979585;0.1000264511,0.2500006557,0.2500040829;0.1000396833,0.2500009835,-0.2499938756
PointTriangle;0.23795955;0.0999184996,0.0215425715,0.0202617291;0.1000000015,-0.2500000000,-0.2500000000;0.1000000015,0.2500000000,0.2500000000;0.1000000015,0.2500000000,-0.2500000000;0.1002610028,0.0215585325,0.0202728547;0.1000000015,-0.2500000000,-0.2500000000;0.1000000015,0.2500000000,0.2500000000;0.1000000015,0.2500000000,-0.2500000000;0.1002610028,0.0215585325,0.0202728547;0.1000304520,-0.2499985844,-0.2499990165;0.1000609025,0.2500028312,0.2500019670;0.1000913531,0.2500042617,-0.2499970347
PointTriangle;0.7620954;0.0999007151,0.0204870179,0.0208155587;0.1000000015,-0.2500000000,-0.2500000000;0.1000000015,-0.2500000000,0.2500000000;0.1000000015,0.2500000000,0.2500000000;0.1000309959,0.0205473211,0.0208315626;0.1000000015,-0.2500000000,-0.2500000000;0.1000000015,-0.2500000000,0.2500000000;0.1000000015,0.2500000000,0.2500000000;0.1000309959,0.0205473211,0.0208315626;0.1000036150,-0.2499983311,-0.2499995530;0.1000072360,-0.2499966472,0.2500008941;0.1000108495,0.2500050068,0.2500013411
PointTriangle;0.6141609;0.0998978913,0.0183354635,0.0208886359;0.1000000015,-0.2500000000,-0.2500000000;0.1000000015,-0.2500000000,0.2500000000;0.1000000015,0.2500000000,0.2500000000;0.1000641510,0.0183807295,0.0209017731;0.1000000015,-0.2500000000,-0.2500000000;0.1000000015,-0.2500000000,0.2500000000;0.1000000015,0.2500000000,0.2500000000;0.1000641510,0.0183807295,0.0209017731;0.1000074893,-0.2499979585,-0.2499994040;0.1000149697,-0.2499959320,0.2500011921;0.1000224501,0.2500061095,0.2500017881
PointTriangle;0.35336056;0.0998910666,0.0162082165,0.0208244976;0.1000000015,-0.2500000000,-0.2500000000;0.1000000015,-0.2500000000,0.2500000000;0.1000000015,0.2500000000,0.2500000000;0.1001993492,0.0161189958,0.0208645463;0.1000000015,-0.2500000000,-0.2500000000;0.1000000015,-0.2500000000,0.2500000000;0.1000000015,0.2500000000,0.2500000000;0.1001993492,0.0161189958,0.0208645463;0.1000232622,-0.2500067353,-0.2499969751;0.1000465155,-0.2500134706,0.2500060499;0.1000697762,0.2499798089,0.2500090599
PointTriangle;0.46284515;0.0998861194,0.0135615198,0.0052854274;0.1000000015,-0.2500000000,-0.2500000000;0.1000000015,0.2500000000,0.2500000000;0.1000000015,0.2500000000,-0.2500000000;0.1001321673,0.0131756999,0.0044222106;0.1000000015,-0.2500000000,-0.2500000000;0.1000000015,0.2500000000,0.2500000000;0.1000000015,0.2500000000,-0.2500000000;0.1001321673,0.0131756999,0.0044222106;0.1000154242,-0.2500241697,-0.2500540912;0.1000308394,0.2499516457,0.2498918027;0.1000462621,0.2499274611,-0.2501622736
PointTriangle;0.5995598;0.0998761877,0.0264445730,0.0347328708;0.1000000015,-0.2500000000,-0.2500000000;0.1000000015,-0.2500000000,0.2500000000;0.1000000015,0.2500000000,0.2500000000;0.1000826955,0.0268440228,0.0356669240;0.1000000015,-0.2500000000,-0.2500000000;0.1000000015,-0.2500000000,0.2500000000;0.1000000015,0.2500000000,0.2500000000;0.1000826955,0.0268440228,0.0356669240;0.1000096500,-0.2499813437,-0.2499563694;0.1000192985,-0.2499626726,0.2500872612;0.1000289470,0.2500559986,0.2501309216
PointTriangle;0.87068385;0.0999321789,0.0158532280,0.0048224768;0.1000000015,-0.2500000000,-0.2500000000;0.1000000015,0.2500000000,0.2500000000;0.1000000015,0.2500000000,-0.2500000000;0.1000100747,0.0156379379,0.0041136132;0.1000000015,-0.2500000000,-0.2500000000;0.1000000015,0.2500000000,0.2500000000;0.1000000015,0.2500000000,-0.2500000000;0.1000100747,0.0156379379,0.0041136136;0.1000011787,-0.2500032485,-0.2500106990;0.1000023484,0.2499935031,0.2499786168;0.1000035256,0.2499902546,-0.2500320971
PointTriangle;0.2836502;0.0999119505,0.0182962678,0.0077049467;0.1000000015,-0.2500000000,-0.2500000000;0.1000000015,0.2500000000,0.2500000000;0.1000000015,0.2500000000,-0.2500000000;0.1002223715,0.0183014031,0.0074586826;0.1000000015,-0.2500000000,-0.2500000000;0.1000000015,0.2500000000,0.2500000000;0.1000000015,0.2500000000,-0.2500000000;0.1002223715,0.0183014031,0.0074586826;0.1000259444,-0.2499995679,-0.2500205934;0.1000518873,0.2500008643,0.2499588430;0.1000778303,0.2500012815,-0.2500617504
PointTriangle;0.9425832;0.0997721329,0.0147623736,0.0047730030;0.1000000015,-0.2500000000,-0.2500000000;0.1000000015,0.2500000000,0.2500000000;0.1000000015,0.2500000000,-0.2500000000;0.1000138819,0.0144477552,0.0038815022;0.1000000015,-0.2500000000,-0.2500000000;0.1000000015,0.2500000000,0.2500000000;0.1000000015,0.2500000000,-0.2500000000;0.1000138819,0.0144477561,0.0038815022;0.1000016183,-0.2500021160,-0.2500059605;0.1000032425,0.2499957830,0.2499880493;0.1000048593,0.2499936819,-0.2500179112
PointTriangle;0.32075197;0.0999182612,0.0241278987,0.0045047067;0.1000000015,-0.2500000000,-0.2500000000;0.1000000015,0.2500000000,0.2500000000;0.1000000015,0.2500000000,-0.2500000000;0.1001731008,0.0244076531,0.0035199588;0.1000000015,-0.2500000000,-0.2500000000;0.1000000015,0.2500000000,0.2500000000;0.1000000015,0.2500000000,-0.2500000000;0.1001731008,0.0244076531,0.0035199588;0.1000202000,-0.2499778271,-0.2500780225;0.1000403911,0.2500443459,0.2498439252;0.1000605896,0.2500665188,-0.2502340972
PointTriangle;0.84699434;0.0998146087,0.0182200521,0.0039780000;0.1000000015,-0.2500000000,-0.2500000000;0.1000000015,0.2500000000,0.2500000000;0.1000000015,0.2500000000,-0.2500000000;0.1000334918,0.0180760510,0.0030624829;0.1000000015,-0.2500000000,-0.2500000000;0.1000000015,0.2500000000,0.2500000000;0.1000000015,0.2500000000,-0.2500000000;0.1000334918,0.0180760510,0.0030624829;0.1000039056,-0.2500025630,-0.2500163317;0.1000078171,0.2499948591,0.2499673218;0.1000117213,0.2499922812,-0.2500490248
PointTriangle;0.67133033;0.0998530686,0.0237517431,0.0191560350;0.1000000015,-0.2500000000,-0.2500000000;0.1000000015,0.2500000000,0.2500000000;0.1000000015,0.2500000000,-0.2500000000;0.1000719368,0.0237078238,0.0191367641;0.1000000015,-0.2500000000,-0.2500000000;0.1000000015,0.2500000000,0.2500000000;0.1000000015,0.2500000000,-0.2500000000;0.1000719368,0.0237078238,0.0191367641;0.1000083908,-0.2500016987,-0.2500007451;0.1000167876,0.2499966323,0.2499985248;0.1000251770,0.2499949485,-0.2500022054
PointTriangle;0.9596184;0.0999355540,0.0226835683,0.0249797907;0.1000000015,-0.2500000000,-0.2500000000;0.1000000015,-0.2500000000,0.2500000000;0.1000000015,0.2500000000,0.2500000000;0.1000027135,0.0227226987,0.0250492375;0.1000000015,-0.2500000000,-0.2500000000;0.1000000015,-0.2500000000,0.2500000000;0.1000000015,0.2500000000,0.2500000000;0.1000027135,0.0227226987,0.0250492375;0.1000003144,-0.2499998212,-0.2499996722;0.1000006348,-0.2499996275,0.2500006557;0.1000009477,0.2500005662,0.2500009835
PointTriangle;0.9973992;0.0999314263,0.0172656327,0.0182699393;0.1000000015,-0.2500000000,-0.2500000000;0.1000000015,-0.2500000000,0.2500000000;0.1000000015,0.2500000000,0.2500000000;0.1000001803,0.0172567405,0.0182275642;0.1000000015,-0.2500000000,-0.2500000000;0.1000000015,-0.2500000000,0.2500000000;0.1000000015,0.2500000000,0.2500000000;0.1000001803,0.0172567405,0.0182275642;0.1000000238,-0.2500000000,-0.2500000000;0.1000000462,-0.2500000000,0.2499999702;0.1000000611,0.2499999851,0.2499999553
PointTriangle;0.61224705;0.0998683721,0.0193649270,0.0361616649;0.1000000015,-0.2500000000,-0.2500000000;0.1000000015,-0.2500000000,0.2500000000;0.1000000015,0.2500000000,0.2500000000;0.1000833660,0.0193135180,0.0371129736;0.1000000015,-0.2500000000,-0.2500000000;0.1000000015,-0.2500000000,0.2500000000;0.1000000015,0.2500000000,0.2500000000;0.1000833660,0.0193135180,0.0371129736;0.1000097245,-0.2500023246,-0.2499569654;0.1000194550,-0.2500046492,0.2500860691;0.1000291780,0.2499930263,0.2501291037
PointTriangle;0.6056805;0.0998122022,0.0170252994,0.0359126814;0.1000000015,-0.2500000000,-0.2500000000;0.1000000015,-0.2500000000,0.2500000000;0.1000000015,0.2500000000,0.2500000000;0.1001222655,0.0168247614,0.0368671715;0.1000000015,-0.2500000000,-0.2500000000;0.1000000015,-0.2500000000,0.2500000000;0.1000000015,0.2500000000,0.2500000000;0.1001222655,0.0168247614,0.0368671715;0.1000142694,-0.2500092387,-0.2499560863;0.1000285298,-0.2500184476,0.2500878274;0.1000427902,0.2499723285,0.2501317263
PointTriangle;0.3350701;0.0999195054,0.0158561133,0.0355135165;0.1000000015,-0.2500000000,-0.2500000000;0.1000000015,-0.2500000000,0.2500000000;0.1000000015,0.2500000000,0.2500000000;0.1001597419,0.0156102721,0.0363242216;0.1000000015,-0.2500000000,-0.2500000000;0.1000000015,-0.2500000000,0.2500000000;0.1000000015,0.2500000000,0.2500000000;0.1001597419,0.0156102721,0.0363242216;0.1000186354,-0.2500190735,-0.2499371022;0.1000372767,-0.2500381470,0.2501257956;0.1000559106,0.2499427795,0.2501886785
PointTriangle;0.6127265;0.0999158472,0.0147038801,0.0350101069;0.1000000015,-0.2500000000,-0.2500000000;0.1000000015,-0.2500000000,0.2500000000;0.1000000015,0.2500000000,0.2500000000;0.1000531912,0.0144532006,0.0357210599;0.1000000015,-0.2500000000,-0.2500000000;0.1000000015,-0.2500000000,0.2500000000;0.1000000015,0.2500000000,0.2500000000;0.1000531912,0.0144532006,0.0357210599;0.1000062078,-0.2500113249,-0.2499678731;0.1000124142,-0.2500226498,0.2500642538;0.1000186205,0.2499660254,0.2500963807
PointTriangle;0.8510573;0.0998149812,0.0113640055,0.0338232070;0.1000000015,-0.2500000000,-0.2500000000;0.1000000015,-0.2500000000,0.2500000000;0.1000000015,0.2500000000,0.2500000000;0.1000323817,0.0108996369,0.0346353762;0.1000000015,-0.2500000000,-0.2500000000;0.1000000015,-0.2500000000,0.2500000000;0.1000000015,0.2500000000,0.2500000000;0.1000323817,0.0108996369,0.0346353762;0.1000037789,-0.2500080764,-0.2499858886;0.1000075564,-0.2500161529,0.2500282228;0.1000113338,0.2499757856,0.2500423491
PointTriangle;0.37588328;0.0999068692,0.0288127642,0.0335130021;0.1000000015,-0.2500000000,-0.2500000000;0.1000000015,-0.2500000000,0.2500000000;0.1000000015,0.2500000000,0.2500000000;0.1001546383,0.0293001588,0.0342949070;0.1000000015,-0.2500000000,-0.2500000000;0.1000000015,-0.2500000000,0.2500000000;0.1000000015,0.2500000000,0.2500000000;0.1001546383,0.0293001588,0.0342949070;0.1000180393,-0.2499645054,-0.2499430627;0.1000360847,-0.2499290258,0.2501138747;0.1000541225,0.2501064539,0.2501707971
PointTriangle;0.679483;0.0998480543,0.0298738219,0.0327778570;0.1000000015,-0.2500000000,-0.2500000000;0.1000000015,-0.2500000000,0.2500000000;0.1000000015,0.2500000000,0.2500000000;0.1000716761,0.0304188337,0.0335077420;0.1000000015,-0.2500000000,-0.2500000000;0.1000000015,-0.2500000000,0.2500000000;0.1000000015,0.2500000000,0.2500000000;0.1000716761,0.0304188337,0.0335077420;0.1000083610,-0.2499796152,-0.2499727011;0.1000167280,-0.2499592453,0.2500545979;0.1000250876,0.2500611544,0.2500818670
PointTriangle;0.8080594;0.0998978093,0.0330008529,0.0293329433;0.1000000015,-0.2500000000,-0.2500000000;0.1000000015,0.2500000000,0.2500000000;0.1000000015,0.2500000000,-0.2500000000;0.1000242755,0.0335699990,0.0297472607;0.1000000015,-0.2500000000,-0.2500000000;0.1000000015,0.2500000000,0.2500000000;0.1000000015,0.2500000000,-0.2500000000;0.1000242755,0.0335699990,0.0297472607;0.1000028327,-0.2499872595,-0.2499907166;0.1000056639,0.2500254810,0.2500185668;0.1000084952,0.2500382364,-0.2499721646
PointTriangle;0.38840795;0.0999298021,0.0090209916,0.0316904597;0.1000000015,-0.2500000000,-0.2500000000;0.1000000015,-0.2500000000,0.2500000000;0.1000000015,0.2500000000,0.2500000000;0.1001105383,0.0084992889,0.0322356112;0.1000000015,-0.2500000000,-0.2500000000;0.1000000015,-0.2500000000,0.2500000000;0.1000000015,0.2500000000,0.2500000000;0.1001105383,0.0084992889,0.0322356112;0.1000128984,-0.2500372231,-0.2499611080;0.1000257954,-0.2500744462,0.2500777841;0.1000386924,0.2498883307,0.2501167059
PointTriangle;0.8479194;0.0997660458,0.0347111300,0.0270712115;0.1000000015,-0.2500000000,-0.2500000000;0.1000000015,0.2500000000,0.2500000000;0.1000000015,0.2500000000,-0.2500000000;0.1000419632,0.0356526338,0.0275242943;0.1000000015,-0.2500000000,-0.2500000000;0.1000000015,0.2500000000,0.2500000000;0.1000000015,0.2500000000,-0.2500000000;0.1000419632,0.0356526338,0.0275242943;0.1000048965,-0.2499832958,-0.2499919683;0.1000097916,0.2500334084,0.2500160635;0.1000146866,0.2500501275,-0.2499758899
PointTriangle;0.41910315;0.0998939499,0.0078956690,0.0307010654;0.1000000015,-0.2500000000,-0.2500000000;0.1000000015,-0.2500000000,0.2500000000;0.1000000015,0.2500000000,0.2500000000;0.1001469940,0.0072733103,0.0312523283;0.1000000015,-0.2500000000,-0.2500000000;0.1000000015,-0.2500000000,0.2500000000;0.1000000015,0.2500000000,0.2500000000;0.1001469940,0.0072733103,0.0312523283;0.1000171527,-0.2500421703,-0.2499626428;0.1000342965,-0.2500843704,0.2500747144;0.1000514477,0.2498734593,0.2501120865
PointTriangle;0.7163996;0.0997907892,0.0356022790,0.0242915452;0.1000000015,-0.2500000000,-0.2500000000;0.1000000015,0.2500000000,0.2500000000;0.1000000015,0.2500000000,-0.2500000000;0.1000828221,0.0365719162,0.0245651193;0.1000000015,-0.2500000000,-0.2500000000;0.1000000015,0.2500000000,0.2500000000;0.1000000015,0.2500000000,-0.2500000000;0.1000828221,0.0365719162,0.0245651193;0.1000096649,-0.2499679178,-0.2499909550;0.1000193283,0.2500641644,0.2500180900;0.1000289917,0.2500962317,-0.2499728501
PointTriangle;0.33884415;0.0998924971,0.0238507390,0.0234364867;0.1000000015,-0.2500000000,-0.2500000000;0.1000000015,0.2500000000,0.2500000000;0.1000000015,0.2500000000,-0.2500000000;0.1002097651,0.0238271616,0.0235069208;0.1000000015,-0.2500000000,-0.2500000000;0.1000000015,0.2500000000,0.2500000000;0.1000000015,0.2500000000,-0.2500000000;0.1002097651,0.0238271616,0.0235069208;0.1000244766,-0.2500018179,-0.2499945611;0.1000489444,0.2499963641,0.2500108778;0.1000734195,0.2499945462,-0.2499836981
PointTriangle;0.3941669;0.0999014229,0.0237597041,0.0223545730;0.1000000015,-0.2500000000,-0.2500000000;0.1000000015,0.2500000000,0.2500000000;0.1000000015,0.2500000000,-0.2500000000;0.1001515165,0.0237636641,0.0224693939;0.1000000015,-0.2500000000,-0.2500000000;0.1000000015,0.2500000000,0.2500000000;0.1000000015,0.2500000000,-0.2500000000;0.1001515165,0.0237636641,0.0224693939;0.1000176817,-0.2499997169,-0.2499918789;0.1000353545,0.2500005662,0.2500162423;0.1000530347,0.2500008345,-0.2499756515
PointTriangle;0.40225136;0.0999289155,0.0194296613,0.0256342720;0.1000000015,-0.2500000000,-0.2500000000;0.1000000015,-0.2500000000,0.2500000000;0.1000000015,0.2500000000,0.2500000000;0.1001056358,0.0194601249,0.0257050395;0.1000000015,-0.2500000000,-0.2500000000;0.1000000015,-0.2500000000,0.2500000000;0.1000000015,0.2500000000,0.2500000000;0.1001056358,0.0194601249,0.0257050395;0.1000123248,-0.2499978691,-0.2499950677;0.1000246480,-0.2499957532,0.2500098646;0.1000369713,0.2500063777,0.2500148118
PointTriangle;0.9596184;0.0999355540,0.0226835683,0.0249797907;0.1000000015,-0.2500000000,-0.2500000000;0.1000000015,-0.2500000000,0.2500000000;0.1000000015,0.2500000000,0.2500000000;0.1000027135,0.0227226987,0.0250492375;0.1000000015,-0.2500000000,-0.2500000000;0.1000000015,-0.2500000000,0.2500000000;0.1000000015,0.2500000000,0.2500000000;0.1000027135,0.0227226987,0.0250492375;0.1000003144,-0.2499998212,-0.2499996722;0.1000006348,-0.2499996275,0.2500006557;0.1000009477,0.2500005662,0.2500009835
PointTriangle;0.40023115;0.0998993665,0.0238372833,0.0244925618;0.1000000015,-0.2500000000,-0.2500000000;0.1000000015,-0.2500000000,0.2500000000;0.1000000015,0.2500000000,0.2500000000;0.1001508087,0.0238921400,0.0245393366;0.1000000015,-0.2500000000,-0.2500000000;0.1000000015,-0.2500000000,0.2500000000;0.1000000015,0.2500000000,0.2500000000;0.1001508087,0.0238921400,0.0245393366;0.1000175923,-0.2499961555,-0.2499967217;0.1000351906,-0.2499923259,0.2500065565;0.1000527814,0.2500115037,0.2500098050
PointTriangle;0.66737425;0.0998992771,0.0194303244,0.0182463955;0.1000000015,-0.2500000000,-0.2500000000;0.1000000015,0.2500000000,0.2500000000;0.1000000015,0.2500000000,-0.2500000000;0.1000502035,0.0194497425,0.0182326101;0.1000000015,-0.2500000000,-0.2500000000;0.1000000015,0.2500000000,0.2500000000;0.1000000015,0.2500000000,-0.2500000000;0.1000502035,0.0194497425,0.0182326101;0.1000058576,-0.2499992400,-0.2500005364;0.1000117138,0.2500015199,0.2499989271;0.1000175700,0.2500022650,-0.2500016093
PointTriangle;0.42162383;0.0999235883,0.0172869414,0.0234487616;0.1000000015,-0.2500000000,-0.2500000000;0.1000000015,-0.2500000000,0.2500000000;0.1000000015,0.2500000000,0.2500000000;0.1001048237,0.0172686242,0.0235107634;0.1000000015,-0.2500000000,-0.2500000000;0.1000000015,-0.2500000000,0.2500000000;0.1000000015,0.2500000000,0.2500000000;0.1001048237,0.0172686242,0.0235107634;0.1000122279,-0.2500012219,-0.2499958128;0.1000244617,-0.2500024736,0.2500083745;0.1000366881,0.2499962896,0.2500125468
PointTriangle;0.3504917;0.0999229923,0.0162091590,0.0239620805;0.1000000015,-0.2500000000,-0.2500000000;0.1000000015,-0.2500000000,0.2500000000;0.1000000015,0.2500000000,0.2500000000;0.1001427099,0.0161348339,0.0240919553;0.1000000015,-0.2500000000,-0.2500000000;0.1000000015,-0.2500000000,0.2500000000;0.1000000015,0.2500000000,0.2500000000;0.1001427099,0.0161348339,0.0240919553;0.1000166535,-0.2500056326,-0.2499901652;0.1000332981,-0.2500112653,0.2500196695;0.1000499502,0.2499831021,0.2500295341
PointTriangle;0.5951755;0.0999240801,0.0259886868,0.0171032399;0.1000000015,-0.2500000000,-0.2500000000;0.1000000015,0.2500000000,0.2500000000;0.1000000015,0.2500000000,-0.2500000000;0.1000516415,0.0260118004,0.0170622654;0.1000000015,-0.2500000000,-0.2500000000;0.1000000015,0.2500000000,0.2500000000;0.1000000015,0.2500000000,-0.2500000000;0.1000516415,0.0260118004,0.0170622654;0.1000060290,-0.2499989122,-0.2500019372;0.1000120491,0.2500021756,0.2499961257;0.1000180766,0.2500032783,-0.2500058115
PointTriangle;0.34385812;0.0998867303,0.0226434860,0.0229151640;0.1000000015,-0.2500000000,-0.2500000000;0.1000000015,-0.2500000000,0.2500000000;0.1000000015,0.2500000000,0.2500000000;0.1002161428,0.0227183420,0.0229251180;0.1000000015,-0.2500000000,-0.2500000000;0.1000000015,-0.2500000000,0.2500000000;0.1000000015,0.2500000000,0.2500000000;0.1002161428,0.0227183420,0.0229251180;0.1000252217,-0.2499942631,-0.2499992400;0.1000504345,-0.2499885410,0.2500015199;0.1000756472,0.2500171959,0.2500022948
PointTriangle;0.6007046;0.0999275818,0.0194405112,0.0223860145;0.1000000015,-0.2500000000,-0.2500000000;0.1000000015,-0.2500000000,0.2500000000;0.1000000015,0.2500000000,0.2500000000;0.1000481397,0.0195146184,0.0223963466;0.1000000015,-0.2500000000,-0.2500000000;0.1000000015,-0.2500000000,0.2500000000;0.1000000015,0.2500000000,0.2500000000;0.1000481397,0.0195146184,0.0223963466;0.1000056192,-0.2499965429,-0.2499995232;0.1000112370,-0.2499931008,0.2500009537;0.1000168473,0.2500103712,0.2500014305
PointTriangle;0.3593462;0.0998969749,0.0193956308,0.0161121935;0.1000000015,-0.2500000000,-0.2500000000;0.1000000015,0.2500000000,0.2500000000;0.1000000015,0.2500000000,-0.2500000000;0.1001836807,0.0193800796,0.0160237178;0.1000000015,-0.2500000000,-0.2500000000;0.1000000015,0.2500000000,0.2500000000;0.1000000015,0.2500000000,-0.2500000000;0.1001836807,0.0193800796,0.0160237178;0.1000214294,-0.2500011623,-0.2500066161;0.1000428572,0.2499976754,0.2499867678;0.1000642926,0.2499965131,-0.2500198483
PointTriangle;0.6316004;0.0998844132,0.0172328576,0.0160879549;0.1000000015,-0.2500000000,-0.2500000000;0.1000000015,0.2500000000,0.2500000000;0.1000000015,0.2500000000,-0.2500000000;0.1000674218,0.0171997026,0.0160462819;0.1000000015,-0.2500000000,-0.2500000000;0.1000000015,0.2500000000,0.2500000000;0.1000000015,0.2500000000,-0.2500000000;0.1000674218,0.0171997026,0.0160462819;0.1000078693,-0.2500014305,-0.2500017881;0.1000157297,0.2499971539,0.2499964237;0.1000235975,0.2499957234,-0.2500053644
PointTriangle;0.80204725;0.0998692289,0.0227182228,0.0155052654;0.1000000015,-0.2500000000,-0.2500000000;0.1000000015,0.2500000000,0.2500000000;0.1000000015,0.2500000000,-0.2500000000;0.1000322774,0.0227393359,0.0154357431;0.1000000015,-0.2500000000,-0.2500000000;0.1000000015,0.2500000000,0.2500000000;0.1000000015,0.2500000000,-0.2500000000;0.1000322774,0.0227393359,0.0154357431;0.1000037640,-0.2499995083,-0.2500016093;0.1000075340,0.2500009835,0.2499967963;0.1000112966,0.2500014603,-0.2500048280
PointTriangle;0.67870104;0.0998315066,0.0204818398,0.0155766280;0.1000000015,-0.2500000000,-0.2500000000;0.1000000015,0.2500000000,0.2500000000;0.1000000015,0.2500000000,-0.2500000000;0.1000797674,0.0204618778,0.0154865878;0.1000000015,-0.2500000000,-0.2500000000;0.1000000015,0.2500000000,0.2500000000;0.1000000015,0.2500000000,-0.2500000000;0.1000797674,0.0204618778,0.0154865878;0.1000093073,-0.2500007451,-0.2500033677;0.1000186130,0.2499985099,0.2499932498;0.1000279188,0.2499977499,-0.2500101328
PointTriangle;0.4652916;0.0998882353,0.0183257479,0.0155520178;0.1000000015,-0.2500000000,-0.2500000000;0.1000000015,0.2500000000,0.2500000000;0.1000000015,0.2500000000,-0.2500000000;0.1001284420,0.0183095820,0.0154874371;0.1000000015,-0.2500000000,-0.2500000000;0.1000000015,0.2500000000,0.2500000000;0.1000000015,0.2500000000,-0.2500000000;0.1001284420,0.0183095820,0.0154874371;0.1000149846,-0.2500010133,-0.2500040233;0.1000299677,0.2499979883,0.2499919385;0.1000449583,0.2499969751,-0.2500120997
PointTriangle;0.54203033;0.0998871028,0.0227622930,0.0144031579;0.1000000015,-0.2500000000,-0.2500000000;0.1000000015,0.2500000000,0.2500000000;0.1000000015,0.2500000000,-0.2500000000;0.1000953913,0.0228043403,0.0143050300;0.1000000015,-0.2500000000,-0.2500000000;0.1000000015,0.2500000000,0.2500000000;0.1000000015,0.2500000000,-0.2500000000;0.1000953913,0.0228043403,0.0143050300;0.1000111327,-0.2499977499,-0.2500052452;0.1000222564,0.2500045002,0.2499895096;0.1000333875,0.2500067353,-0.2500157356
PointTriangle;0.33372396;0.0999236107,0.0204962138,0.0144412257;0.1000000015,-0.2500000000,-0.2500000000;0.1000000015,0.2500000000,0.2500000000;0.1000000015,0.2500000000,-0.2500000000;0.1001525149,0.0205501188,0.0143375043;0.1000000015,-0.2500000000,-0.2500000000;0.1000000015,0.2500000000,0.2500000000;0.1000000015,0.2500000000,-0.2500000000;0.1001525149,0.0205501188,0.0143375043;0.1000177935,-0.2499958128,-0.2500080764;0.1000355855,0.2500083745,0.2499838769;0.1000533774,0.2500125766,-0.2500241995
PointTriangle;0.40897867;0.0999123752,0.0183039904,0.0144344708;0.1000000015,-0.2500000000,-0.2500000000;0.1000000015,0.2500000000,0.2500000000;0.1000000015,0.2500000000,-0.2500000000;0.1001266316,0.0182768423,0.0143401409;0.1000000015,-0.2500000000,-0.2500000000;0.1000000015,0.2500000000,0.2500000000;0.1000000015,0.2500000000,-0.2500000000;0.1001266316,0.0182768423,0.0143401409;0.1000147760,-0.2500018775,-0.2500064969;0.1000295505,0.2499962598,0.2499869913;0.1000443250,0.2499943823,-0.2500195205
PointTriangle;0.9961197;0.0998546407,0.0226594489,0.0176034346;0.1000000015,-0.2500000000,-0.2500000000;0.1000000015,0.2500000000,0.2500000000;0.1000000015,0.2500000000,-0.2500000000;0.1000005677,0.0226091873,0.0175830834;0.1000000015,-0.2500000000,-0.2500000000;0.1000000015,0.2500000000,0.2500000000;0.1000000015,0.2500000000,-0.2500000000;0.1000005677,0.0226091873,0.0175830834;0.1000000685,-0.2500000298,-0.2500000000;0.1000001356,0.2499999553,0.2499999851;0.1000002027,0.2499999255,-0.2500000298
PointTriangle;0.42177644;0.0999168232,0.0151154362,0.0192921050;0.1000000015,-0.2500000000,-0.2500000000;0.1000000015,-0.2500000000,0.2500000000;0.1000000015,0.2500000000,0.2500000000;0.1001140326,0.0149753466,0.0192799084;0.1000000015,-0.2500000000,-0.2500000000;0.1000000015,-0.2500000000,0.2500000000;0.1000000015,0.2500000000,0.2500000000;0.1001140326,0.0149753466,0.0192799084;0.1000133082,-0.2500094473,-0.2500008345;0.1000266075,-0.2500188947,0.2499983609;0.1000399143,0.2499716431,0.2499975264
PointTriangle;0.34438;0.0999292359,0.0150698461,0.0182260275;0.1000000015,-0.2500000000,-0.2500000000;0.1000000015,-0.2500000000,0.2500000000;0.1000000015,0.2500000000,0.2500000000;0.1001347229,0.0149637479,0.0182132348;0.1000000015,-0.2500000000,-0.2500000000;0.1000000015,-0.2500000000,0.2500000000;0.1000000015,0.2500000000,0.2500000000;0.1001347229,0.0149637479,0.0182132348;0.1000157222,-0.2500081062,-0.2500009835;0.1000314355,-0.2500162423,0.2499980479;0.1000471562,0.2499756515,0.2499970645
PointTriangle;0.9973992;0.0999314263,0.0172656327,0.0182699393;0.1000000015,-0.2500000000,-0.2500000000;0.1000000015,-0.2500000000,0.2500000000;0.1000000015,0.2500000000,0.2500000000;0.1000001803,0.0172567405,0.0182275642;0.1000000015,-0.2500000000,-0.2500000000;0.1000000015,-0.2500000000,0.2500000000;0.1000000015,0.2500000000,0.2500000000;0.1000001803,0.0172567405,0.0182275642;0.1000000238,-0.2500000000,-0.2500000000;0.1000000462,-0.2500000000,0.2499999702;0.1000000611,0.2499999851,0.2499999553
PointTriangle;0.74261326;0.0998749137,0.0205211304,0.0250397678;0.1000000015,-0.2500000000,-0.2500000000;0.1000000015,-0.2500000000,0.2500000000;0.1000000015,0.2500000000,0.2500000000;0.1000433564,0.0205373242,0.0250725746;0.1000000015,-0.2500000000,-0.2500000000;0.1000000015,-0.2500000000,0.2500000000;0.1000000015,0.2500000000,0.2500000000;0.1000433564,0.0205373242,0.0250725746;0.1000050604,-0.2499995083,-0.2499990165;0.1000101194,-0.2499990314,0.2500019670;0.1000151783,0.2500014603,0.2500029504
PointTriangle;0.58979046;0.0998628736,0.0338320322,0.0116725368;0.1000000015,-0.2500000000,-0.2500000000;0.1000000015,0.2500000000,0.2500000000;0.1000000015,0.2500000000,-0.2500000000;0.1000953764,0.0346475877,0.0111881252;0.1000000015,-0.2500000000,-0.2500000000;0.1000000015,0.2500000000,0.2500000000;0.1000000015,0.2500000000,-0.2500000000;0.1000953764,0.0346475877,0.0111881252;0.1000111252,-0.2499609739,-0.2500231862;0.1000222564,0.2500780523,0.2499536276;0.1000333801,0.2501170933,-0.2500695586
PointTriangle;0.2801974;0.0999251306,0.0285999533,0.0108589055;0.1000000015,-0.2500000000,-0.2500000000;0.1000000015,0.2500000000,0.2500000000;0.1000000015,0.2500000000,-0.2500000000;0.1001923382,0.0287092477,0.0106054358;0.1000000015,-0.2500000000,-0.2500000000;0.1000000015,0.2500000000,0.2500000000;0.1000000015,0.2500000000,-0.2500000000;0.1001923382,0.0287092477,0.0106054358;0.1000224426,-0.2499908209,-0.2500212789;0.1000448763,0.2500183582,0.2499574274;0.1000673175,0.2500275373,-0.2500638664
PointTriangle;0.73558897;0.0998239219,0.0042350967,0.0166069232;0.1000000015,-0.2500000000,-0.2500000000;0.1000000015,-0.2500000000,0.2500000000;0.1000000015,0.2500000000,0.2500000000;0.1000632942,0.0034404940,0.0164462309;0.1000000015,-0.2500000000,-0.2500000000;0.1000000015,-0.2500000000,0.2500000000;0.1000000015,0.2500000000,0.2500000000;0.1000632942,0.0034404940,0.0164462309;0.1000073850,-0.2500244975,-0.2500049472;0.1000147685,-0.2500490248,0.2499900907;0.1000221521,0.2499264628,0.2499851286
PointTriangle;0.7653351;0.0998608395,0.0091250334,0.0079402383;0.1000000015,-0.2500000000,-0.2500000000;0.1000000015,0.2500000000,0.2500000000;0.1000000015,0.2500000000,-0.2500000000;0.1000426710,0.0085723177,0.0072623701;0.1000000015,-0.2500000000,-0.2500000000;0.1000000015,0.2500000000,0.2500000000;0.1000000015,0.2500000000,-0.2500000000;0.1000426710,0.0085723177,0.0072623701;0.1000049785,-0.2500151396,-0.2500185668;0.1000099555,0.2499697357,0.2499628812;0.1000149325,0.2499546111,-0.2500556707
PointTriangle;0.9027202;0.0997596756,0.0317355022,0.0087122591;0.1000000015,-0.2500000000,-0.2500000000;0.1000000015,0.2500000000,0.2500000000;0.1000000015,0.2500000000,-0.2500000000;0.1000258997,0.0324322619,0.0080453139;0.1000000015,-0.2500000000,-0.2500000000;0.1000000015,0.2500000000,0.2500000000;0.1000000015,0.2500000000,-0.2500000000;0.1000258997,0.0324322619,0.0080453139;0.1000030264,-0.2499920875,-0.2500075698;0.1000060439,0.2500158250,0.2499848604;0.1000090688,0.2500237226,-0.2500227094
PointTriangle;0.58433735;0.0998901501,0.0276509468,0.0341550522;0.1000000015,-0.2500000000,-0.2500000000;0.1000000015,-0.2500000000,0.2500000000;0.1000000015,0.2500000000,0.2500000000;0.1000781432,0.0280514453,0.0349363685;0.1000000015,-0.2500000000,-0.2500000000;0.1000000015,-0.2500000000,0.2500000000;0.1000000015,0.2500000000,0.2500000000;0.1000781432,0.0280514453,0.0349363685;0.1000091210,-0.2499805838,-0.2499621063;0.1000182331,-0.2499611527,0.2500757873;0.1000273526,0.2500582635,0.2501136661
PointTriangle;0.7285339;0.0998035893,0.0051152133,0.0138024949;0.1000000015,-0.2500000000,-0.2500000000;0.1000000015,-0.2500000000,0.2500000000;0.1000000015,0.2500000000,0.2500000000;0.1000731885,0.0042902185,0.0134283761;0.1000000015,-0.2500000000,-0.2500000000;0.1000000015,-0.2500000000,0.2500000000;0.1000000015,0.2500000000,0.2500000000;0.1000731885,0.0042902185,0.0134283761;0.1000085399,-0.2500261366,-0.2500118613;0.1000170782,-0.2500522435,0.2499763072;0.1000256166,0.2499216199,0.2499644607
PointTriangle;0.5314682;0.0999206007,0.0226443261,0.0197087247;0.1000000015,-0.2500000000,-0.2500000000;0.1000000015,0.2500000000,0.2500000000;0.1000000015,0.2500000000,-0.2500000000;0.1000699997,0.0226057097,0.0197125878;0.1000000015,-0.2500000000,-0.2500000000;0.1000000015,0.2500000000,0.2500000000;0.1000000015,0.2500000000,-0.2500000000;0.1000699997,0.0226057097,0.0197125878;0.1000081673,-0.2500021160,-0.2499997914;0.1000163332,0.2499957830,0.2500004172;0.1000244990,0.2499936670,-0.2499993593
PointTriangle;0.7277324;0.0998970643,0.0204467922,0.0197761264;0.1000000015,-0.2500000000,-0.2500000000;0.1000000015,0.2500000000,0.2500000000;0.1000000015,0.2500000000,-0.2500000000;0.1000385135,0.0204622280,0.0197968427;0.1000000015,-0.2500000000,-0.2500000000;0.1000000015,0.2500000000,0.2500000000;0.1000000015,0.2500000000,-0.2500000000;0.1000385135,0.0204622280,0.0197968427;0.1000044942,-0.2499995083,-0.2499993443;0.1000089869,0.2500009835,0.2500013113;0.1000134796,0.2500014603,-0.2499980330
PointTriangle;0.9729091;0.0998346433,0.0112339091,0.0064626378;0.1000000015,-0.2500000000,-0.2500000000;0.1000000015,0.2500000000,0.2500000000;0.1000000015,0.2500000000,-0.2500000000;0.1000046059,0.0107874684,0.0057617873;0.1000000015,-0.2500000000,-0.2500000000;0.1000000015,0.2500000000,0.2500000000;0.1000000015,0.2500000000,-0.2500000000;0.1000046059,0.0107874684,0.0057617873;0.1000005379,-0.2500014007,-0.2500022054;0.1000010744,0.2499971837,0.2499955744;0.1000016108,0.2499957681,-0.2500066459
PointTriangle;0.5692319;0.0998863652,0.0123686353,0.0057680653;0.1000000015,-0.2500000000,-0.2500000000;0.1000000015,0.2500000000,0.2500000000;0.1000000015,0.2500000000,-0.2500000000;0.1000859961,0.0119925765,0.0050005983;0.1000000015,-0.2500000000,-0.2500000000;0.1000000015,0.2500000000,0.2500000000;0.1000000015,0.2500000000,-0.2500000000;0.1000859961,0.0119925765,0.0050005983;0.1000100374,-0.2500188947,-0.2500385642;0.1000200659,0.2499621958,0.2499228567;0.1000301018,0.2499433011,-0.2501157224
PointTriangle;0.43060914;0.0999035090,0.0139842918,0.0197636001;0.1000000015,-0.2500000000,-0.2500000000;0.1000000015,-0.2500000000,0.2500000000;0.1000000015,0.2500000000,0.2500000000;0.1001275927,0.0138141112,0.0197771229;0.1000000015,-0.2500000000,-0.2500000000;0.1000000015,-0.2500000000,0.2500000000;0.1000000015,0.2500000000,0.2500000000;0.1001275927,0.0138141112,0.0197771229;0.1000148878,-0.2500112951,-0.2499991059;0.1000297740,-0.2500226200,0.2500017881;0.1000446603,0.2499660850,0.2500026822
PointTriangle;0.85464245;0.0997158736,0.0205577742,0.0363584161;0.1000000015,-0.2500000000,-0.2500000000;0.1000000015,-0.2500000000,0.2500000000;0.1000000015,0.2500000000,0.2500000000;0.1000483260,0.0205704067,0.0374679975;0.1000000015,-0.2500000000,-0.2500000000;0.1000000015,-0.2500000000,0.2500000000;0.1000000015,0.2500000000,0.2500000000;0.1000483260,0.0205704067,0.0374679975;0.1000056416,-0.2499997914,-0.2499811798;0.1000112742,-0.2499995679,0.2500376403;0.1000169143,0.2500006557,0.2500564456
PointTriangle;0.38152954;0.0999160334,0.0135146184,0.0051804930;0.1000000015,-0.2500000000,-0.2500000000;0.1000000015,0.2500000000,0.2500000000;0.1000000015,0.2500000000,-0.2500000000;0.1001361161,0.0131663494,0.0044040680;0.1000000015,-0.2500000000,-0.2500000000;0.1000000015,0.2500000000,0.2500000000;0.1000000015,0.2500000000,-0.2500000000;0.1001361161,0.0131663494,0.0044040680;0.1000158787,-0.2500251234,-0.2500560284;0.1000317633,0.2499497384,0.2498879582;0.1000476405,0.2499246150,-0.2501680553
PointTriangle;0.7770401;0.0998796746,0.0237464048,0.0191536918;0.1000000015,-0.2500000000,-0.2500000000;0.1000000015,0.2500000000,0.2500000000;0.1000000015,0.2500000000,-0.2500000000;0.1000345275,0.0237173606,0.0191294029;0.1000000015,-0.2500000000,-0.2500000000;0.1000000015,0.2500000000,0.2500000000;0.1000000015,0.2500000000,-0.2500000000;0.1000345275,0.0237173606,0.0191294029;0.1000040323,-0.2500007451,-0.2500006258;0.1000080556,0.2499984950,0.2499987334;0.1000120863,0.2499977350,-0.2500019073
PointTriangle;0.66797936;0.0998192877,0.0297432411,0.0069391211;0.1000000015,-0.2500000000,-0.2500000000;0.1000000015,0.2500000000,0.2500000000;0.1000000015,0.2500000000,-0.2500000000;0.1000898257,0.0303388163,0.0061558275;0.1000000015,-0.2500000000,-0.2500000000;0.1000000015,0.2500000000,0.2500000000;0.1000000015,0.2500000000,-0.2500000000;0.1000898257,0.0303388163,0.0061558275;0.1000104845,-0.2499769330,-0.2500303388;0.1000209600,0.2500461340,0.2499393225;0.1000314429,0.2500692010,-0.2500910163
PointTriangle;0.94482195;0.0998082533,0.0252728537,0.0353000872;0.1000000015,-0.2500000000,-0.2500000000;0.1000000015,-0.2500000000,0.2500000000;0.1000000015,0.2500000000,0.2500000000;0.1000111997,0.0255810507,0.0361248814;0.1000000015,-0.2500000000,-0.2500000000;0.1000000015,-0.2500000000,0.2500000000;0.1000000015,0.2500000000,0.2500000000;0.1000111997,0.0255810507,0.0361248814;0.1000013053,-0.2499980181,-0.2499946952;0.1000026166,-0.2499960363,0.2500106096;0.1000039205,0.2500059605,0.2500159144
PointTriangle;0.7316735;0.0997996628,0.0063409843,0.0288375951;0.1000000015,-0.2500000000,-0.2500000000;0.1000000015,-0.2500000000,0.2500000000;0.1000000015,0.2500000000,0.2500000000;0.1000734717,0.0055472720,0.0293428134;0.1000000015,-0.2500000000,-0.2500000000;0.1000000015,-0.2500000000,0.2500000000;0.1000000015,0.2500000000,0.2500000000;0.1000734717,0.0055472720,0.0293428134;0.1000085697,-0.2500248551,-0.2499841899;0.1000171453,-0.2500496805,0.2500316203;0.1000257134,0.2499254644,0.2500474453
PointTriangle;0.8168518;0.0997275487,0.0240677688,0.0356937721;0.1000000015,-0.2500000000,-0.2500000000;0.1000000015,-0.2500000000,0.2500000000;0.1000000015,0.2500000000,0.2500000000;0.1000610888,0.0243337378,0.0366871208;0.1000000015,-0.2500000000,-0.2500000000;0.1000000015,-0.2500000000,0.2500000000;0.1000000015,0.2500000000,0.2500000000;0.1000610888,0.0243337378,0.0366871208;0.1000071317,-0.2499943227,-0.2499787807;0.1000142545,-0.2499886304,0.2500424385;0.1000213847,0.2500170469,0.2500636876
PointTriangle;0.6787465;0.0998081267,0.0217731874,0.0360525772;0.1000000015,-0.2500000000,-0.2500000000;0.1000000015,-0.2500000000,0.2500000000;0.1000000015,0.2500000000,0.2500000000;0.1000908166,0.0218633432,0.0370055623;0.1000000015,-0.2500000000,-0.2500000000;0.1000000015,-0.2500000000,0.2500000000;0.1000000015,0.2500000000,0.2500000000;0.1000908166,0.0218633432,0.0370055623;0.1000105962,-0.2499966174,-0.2499642819;0.1000211909,-0.2499932349,0.2500714362;0.1000317857,0.2500101328,0.2501071393
PointTriangle;0.5563261;0.0998463854,0.0226260051,0.0218359344;0.1000000015,-0.2500000000,-0.2500000000;0.1000000015,0.2500000000,0.2500000000;0.1000000015,0.2500000000,-0.2500000000;0.1001225114,0.0226191171,0.0218961630;0.1000000015,-0.2500000000,-0.2500000000;0.1000000015,0.2500000000,0.2500000000;0.1000000015,0.2500000000,-0.2500000000;0.1001225114,0.0226191171,0.0218961630;0.1000142917,-0.2500003576,-0.2499968857;0.1000285894,0.2499992847,0.2500062287;0.1000428796,0.2499989271,-0.2499906421
PointTriangle;0.5287412;0.0999181047,0.0183409657,0.0208902322;0.1000000015,-0.2500000000,-0.2500000000;0.1000000015,-0.2500000000,0.2500000000;0.1000000015,0.2500000000,0.2500000000;0.1000729948,0.0183838680,0.0209020544;0.1000000015,-0.2500000000,-0.2500000000;0.1000000015,-0.2500000000,0.2500000000;0.1000000015,0.2500000000,0.2500000000;0.1000729948,0.0183838680,0.0209020544;0.1000085175,-0.2499976456,-0.2499993443;0.1000170335,-0.2499952763,0.2500013113;0.1000255495,0.2500070632,0.2500019372
PointTriangle;0.9400805;0.0998015180,0.0147241279,0.0046646302;0.1000000015,-0.2500000000,-0.2500000000;0.1000000015,0.2500000000,0.2500000000;0.1000000015,0.2500000000,-0.2500000000;0.1000126526,0.0144382166,0.0038643146;0.1000000015,-0.2500000000,-0.2500000000;0.1000000015,0.2500000000,0.2500000000;0.1000000015,0.2500000000,-0.2500000000;0.1000126526,0.0144382166,0.0038643146;0.1000014767,-0.2500019968,-0.2500056028;0.1000029519,0.2499960065,0.2499888092;0.1000044271,0.2499940097,-0.2500167787
PointTriangle;0.833379;0.0998412147,0.0182025470,0.0038667074;0.1000000015,-0.2500000000,-0.2500000000;0.1000000015,0.2500000000,0.2500000000;0.1000000015,0.2500000000,-0.2500000000;0.1000317484,0.0180752072,0.0030416062;0.1000000015,-0.2500000000,-0.2500000000;0.1000000015,0.2500000000,0.2500000000;0.1000000015,0.2500000000,-0.2500000000;0.1000317484,0.0180752072,0.0030416062;0.1000037044,-0.2500024736,-0.2500160336;0.1000074074,0.2499950528,0.2499679178;0.1000111103,0.2499925792,-0.2500481308
PointTriangle;0.29801446;0.0999285430,0.0161973704,0.0208293665;0.1000000015,-0.2500000000,-0.2500000000;0.1000000015,-0.2500000000,0.2500000000;0.1000000015,0.2500000000,0.2500000000;0.1001683250,0.0161213782,0.0208657626;0.1000000015,-0.2500000000,-0.2500000000;0.1000000015,-0.2500000000,0.2500000000;0.1000000015,0.2500000000,0.2500000000;0.1001683250,0.0161213782,0.0208657626;0.1000196412,-0.2500062287,-0.2499970198;0.1000392735,-0.2500124574,0.2500059605;0.1000589132,0.2499813288,0.2500089407
PointTriangle;0.53144807;0.0999012887,0.0264931303,0.0348464176;0.1000000015,-0.2500000000,-0.2500000000;0.1000000015,-0.2500000000,0.2500000000;0.1000000015,0.2500000000,0.2500000000;0.1000870317,0.0268539637,0.0356862433;0.1000000015,-0.2500000000,-0.2500000000;0.1000000015,-0.2500000000,0.2500000000;0.1000000015,0.2500000000,0.2500000000;0.1000870317,0.0268539637,0.0356862433;0.1000101566,-0.2499802709,-0.2499540895;0.1000203118,-0.2499605566,0.2500918210;0.1000304595,0.2500591874,0.2501377165
EdgeEdge;0.5;0.4977654219,0.4222350121,0.1297652423;0.5379948020,0.4210803807,0.1220777929;0.4977224767,0.4210294187,0.1302551180;0.5406526923,0.4199704230,0.1219896078;0.4977652133,0.4221901000,0.1297398210;0.5379985571,0.4210606813,0.1220196635;0.4977650344,0.4209935963,0.1302374005;0.5406544209,0.4199540913,0.1219327077;0.4977651834,0.4221900702,0.1297398210;0.5380008817,0.4210612774,0.1220199764;0.4977603257,0.4209924042,0.1302367747;0.5406473875,0.4199523032,0.1219317764
EdgeEdge;0.5;0.4977602959,0.4221553504,0.1297224611;0.5283984542,0.4203593135,0.0580670089;0.4705869257,0.4842841923,0.1497476995;0.4978128076,0.4209685624,0.1302281916;0.4973300099,0.4206591845,0.1280379593;0.5276923776,0.4190379381,0.0563592464;0.4708825052,0.4829597175,0.1484040320;0.4975334406,0.4194924831,0.1285566837;0.4973300099,0.4206591845,0.1280379593;0.5277503729,0.4190376401,0.0563802309;0.4707665443,0.4829603136,0.1483620554;0.4973594844,0.4194933474,0.1284937412
EdgeEdge;0.125;0.6346916556,0.4781630933,0.0623009354;0.6415281892,0.4904722571,0.0935230702;0.6857989430,0.4864818454,0.1439364105;0.6327369213,0.4922069311,0.0855579153;0.6335100532,0.4756744504,0.0609311908;0.6404019594,0.4873825908,0.0924493521;0.6863666177,0.4817348421,0.1421393305;0.6331197023,0.4893012047,0.0842770934;0.6335100532,0.4756744504,0.0609311908;0.6405777335,0.4871800840,0.0924135894;0.6860151291,0.4821398556,0.1422108561;0.6325924397,0.4899086654,0.0843843743
EdgeEdge;0.5;0.4977602959,0.4221553504,0.1297224611;0.5283984542,0.4203593135,0.0580670089;0.4705869257,0.4842841923,0.1497476995;0.4978128076,0.4209685624,0.1302281916;0.4973300099,0.4206591845,0.1280379593;0.5276923776,0.4190379381,0.0563592464;0.4708825052,0.4829597175,0.1484040320;0.4975334406,0.4194924831,0.1285566837;0.4973300099,0.4206591845,0.1280379593;0.5277503729,0.4190376401,0.0563802309;0.4707665443,0.4829603136,0.1483620554;0.4973594844,0.4194933474,0.1284937412
